Year,afghanistan,albania,algeria,american-samoa,andorra,antigua-and-barbuda,argentina,armenia,aruba,australia,austria,azerbaijan,bahamas,bahrain,barbados,belarus,belgium,belize,benin,bermuda,botswana,brazil,british-virgin-islands,bulgaria,burkina-faso,burundi,canada,cayman-islands,central-african-republic,chad,chile,china,colombia,comoros,costa-rica,croatia,cuba,curacao,cyprus,democratic-republic-of-congo,denmark,dominica,dominican-republic,ecuador,equatorial-guinea,eritrea,estonia,ethiopia,faroe-islands,fiji,finland,france,french-polynesia,gabon,gambia,germany,gibraltar,greece,greenland,grenada,guam,guatemala,guinea,guyana,haiti,hong-kong,hungary,iceland,iran,iraq,ireland,isle-of-man,israel,italy,jamaica,japan,jordan,kazakhstan,kuwait,latvia,lebanon,liberia,libya,liechtenstein,lithuania,luxembourg,macao,madagascar,malawi,malaysia,maldives,mali,mali_pop_data,malta,marshall-islands,mauritius,mexico,monaco,montenegro,mozambique,namibia,nauru,nepal,netherlands,new-caledonia,new-zealand,niger,north-korea,north-macedonia,northern-mariana-islands,norway,oman,palau,panama,paraguay,peru,poland,portugal,puerto-rico,qatar,romania,russia,rwanda,samoa,san-marino,saudi-arabia,senegal,serbia,seychelles,sierra-leone,singapore,slovenia,somalia,south-africa,south-korea,south-sudan,spain,suriname,sweden,switzerland,taiwan,tajikistan,tanzania,thailand,togo,tonga,trinidad-and-tobago,turkmenistan,turks-and-caicos-islands,tuvalu,uae,uganda,united-kingdom,united-states,uruguay,venezuela,yemen,zimbabwe
2023,42239854,2832439,45606480,43914,80088,94298,45773884,2777970,106277,26439111,8958960,10412651,412623,1485509,281995,9498238,11686140,410825,13712828,64069,2675352,216422446,31538,6687717,23251485,13238559,38781291,69310,5742315,18278568,19629590,1425671352,52085168,852075,5212173,4008617,11194449,192077,1260138,102262808,5910913,73040,11332972,18190484,1714671,3748901,1322765,126527060,53270,936375,5545475,64756584,308872,2436566,2773168,83294633,32688,10341277,56643,126183,172952,18092026,14190612,813834,11724763,7491609,10156239,375318,89172767,45504560,5056935,84710,9174520,58870762,2825544,123294513,11337052,19606633,4310108,1830211,5353930,5418377,6888388,39584,2718352,654768,704149,30325732,20931751,34308525,521021,23293698,23293698,535064,41996,1300557,128455567,36297,626485,33897354,2604172,12780,30896590,17618299,292991,5228100,27202843,26160821,2085679,49796,5474360,4644384,18058,4468087,6861524,34352719,41026067,10247605,3260314,2716391,19892812,144444359,14094683,225681,33642,36947025,17763163,7149077,107660,8791092,6014723,2119675,18143378,60414495,51784059,11088796,47519628,623236,10612086,8796669,23923276,10143543,67438106,71801279,9053799,107773,1534937,6516100,46062,11396,9516871,48582334,67736802,339996563,3423108,28838499,34449825,16665409
2022,41128771,2842321,44903225,44273,79824,93763,45510318,2780469,106445,26177413,8939617,10358074,409984,1472233,281635,9534954,11655930,405272,13352864,64184,2630296,215313498,31305,6781953,22673762,12889576,38454327,68706,5579144,17723315,19603733,1425887337,51874024,836774,5180829,4030358,11212191,191163,1251488,99010212,5882261,72737,11228821,18001000,1674908,3684032,1326062,123379924,53090,929766,5540745,64626628,306279,2388992,2705992,83369843,32649,10384971,56466,125438,171774,17843908,13859341,808726,11584996,7488865,9967308,372899,88550570,44496122,5023109,84519,9038309,59037474,2827377,123951692,11285869,19397998,4268873,1850651,5489739,5302681,6812341,39327,2750055,647599,695168,29611714,20405317,33938221,523787,22593590,22593590,533286,41569,1299469,127504125,36469,627082,32969518,2567012,12668,30547580,17564014,289950,5185288,26207977,26069416,2093599,49551,5434319,4576298,18055,4408581,6780744,34049588,39857145,10270865,3252407,2695122,19659267,144713314,13776698,222382,33660,36408820,17316449,7221365,107118,8605718,5975689,2119844,17597511,59893885,51815810,10913164,47558630,618040,10549347,8740472,23893394,9952787,65497748,71697030,8848699,106858,1531044,6430770,45703,11312,9441129,47249585,67508936,338289857,3422794,28301696,33696614,16320537
2021,40099462,2854710,44177969,45035,79034,93219,45276780,2790974,106537,25921089,8922082,10312992,407906,1463265,281200,9578167,11611419,400031,12996895,64185,2588423,214326223,31122,6885868,22100683,12551213,38155012,68136,5457154,17179740,19493184,1425893465,51516562,821625,5153957,4060135,11256372,190338,1244188,95894118,5854240,72412,11117873,17797737,1634466,3620312,1328701,120283026,52889,924610,5535992,64531444,304032,2341179,2639916,83408554,32669,10445365,56243,124610,170534,17608483,13531906,804567,11447569,7494578,9709786,370335,87923432,43533592,4986526,84263,8900059,59240329,2827695,124612530,11148278,19196465,4250114,1873919,5592631,5193416,6735277,39039,2786651,639321,686607,28915653,19889742,33573874,521457,21904983,21904983,526748,42050,1298915,126705138,36686,627859,32077072,2530151,12511,30034989,17501696,287800,5129727,25252722,25971909,2103330,49481,5403021,4520471,18024,4351267,6703799,33715471,38307726,10290103,3256028,2688235,19328560,145102755,13461888,218764,33745,35950396,16876720,7296769,106471,8420641,5941060,2119410,17065581,59392255,51830139,10748272,47486935,612985,10467097,8691406,23859912,9750064,63588334,71601103,8644829,106017,1525663,6341855,45114,11204,9365145,45853778,67281039,336997624,3426260,28199867,32981641,15993524
2020,38972230,2866849,43451666,46189,77700,92664,45036032,2805608,106585,25670051,8907777,10284951,406471,1477469,280693,9633740,11561717,394921,12643123,64031,2546402,213196304,30910,6979175,21522626,12220227,37888705,67311,5343020,16644701,19300315,1424929781,50930662,806166,5123105,4096869,11300698,189288,1237537,92853164,5825641,71995,10999664,17588595,1596049,3555868,1329444,117190911,52415,920422,5529468,64480053,301920,2292573,2573995,83328988,32709,10512232,56026,123663,169231,17362718,13205153,797202,11306801,7500958,9750573,366669,87290193,42556984,4946119,84046,8757489,59500579,2820436,125244761,10928721,18979243,4360444,1897052,5662923,5087584,6653942,38756,2820267,630399,676283,28225177,19377061,33199993,514438,21224040,21224040,515358,43413,1297828,125998302,36922,629048,31178239,2489098,12315,29348627,17434557,286403,5061133,24333639,25867467,2111072,49587,5379839,4543399,17972,4294396,6618695,33304756,38428366,10298192,3271564,2760385,19442038,145617329,13146362,214929,34007,35997107,16436120,7358005,105530,8233970,5909869,2117641,16537016,58801927,51844690,10606227,47363807,607065,10368969,8638613,23821464,9543207,61704518,71475664,8442580,105254,1518147,6250438,44276,11069,9287289,44404611,67059474,335942003,3429086,28490453,32284046,15669666
2019,37769499,2873883,42705368,47321,76343,92117,44745520,2820602,106442,25357170,8879940,10232753,404557,1494188,280180,9673971,11510568,389095,12290444,63812,2499702,211782878,30610,7052532,20951639,11874838,37522584,66134,5209324,16126866,19039485,1421864031,50187406,790986,5084532,4129752,11316697,193107,1228836,89906890,5795878,71428,10881882,17343740,1553031,3498818,1327039,114120594,51681,918465,5521537,64399759,299717,2242785,2508883,83148141,32685,10574024,55931,122724,168624,17106338,12877539,798753,11160438,7496122,9771796,360774,86564202,41563520,4896019,83933,8607919,59727932,2813773,125791677,10698683,18754258,4441100,1916555,5781907,4985289,6569088,38482,2849083,619973,663653,27533134,18867337,32804020,504508,20567424,20567424,503635,44728,1296279,125085311,37034,630396,30285595,2446644,12132,28832496,17363262,285374,4959034,23443393,25755441,2114176,49858,5348279,4602768,17916,4232532,6530026,32824861,38493601,10289923,3292887,2807235,19524211,145742286,12835028,211905,34178,35827362,16000781,7401056,104373,8046828,5866405,2112901,15981300,58087055,51803829,10447666,47131372,600301,10267922,8575588,23777737,9337003,59872579,71307763,8243094,104951,1519955,6158420,43080,10956,9211657,42949080,66778659,334319671,3428409,28971683,31546691,15354608
2018,36686784,2877013,41927007,48424,75013,91626,44413596,2836557,105962,24979230,8840513,10152522,401906,1487340,279688,9695574,11448595,382066,11940683,63571,2451409,210166592,30335,7117431,20392723,11493472,37035254,64884,5094780,15604210,18701450,1417069468,49276961,776313,5040734,4160485,11328244,184722,1218831,87087355,5766686,70823,10765531,17015672,1502091,3445374,1322148,111129438,50955,918996,5515461,64277808,297606,2192012,2444916,82896696,32648,10633271,55931,121838,168678,16850176,12554864,785514,11012421,7481555,9776358,352946,85617562,40590700,4834507,83775,8456483,59877425,2811835,126255866,10459865,18538099,4317185,1935630,5950839,4889391,6477793,38181,2876128,607913,650991,26846541,18367883,32399271,489758,19934298,19934298,491586,45989,1295381,124013861,37029,631455,29423878,2405680,11924,28506712,17286042,284880,4838526,22577058,25638149,2113491,50304,5312320,4601157,17864,4165255,6443328,32203944,38521457,10289835,3319269,2766732,19606783,145652293,12531808,209701,34156,35018133,15574909,7433818,103101,7861281,5814537,2105924,15411094,57339635,51676900,10395329,46792043,593715,10162298,8514434,23726185,9128132,58090443,71127802,8046679,105150,1504709,6065066,41487,10865,9140169,41515395,66432993,332140037,3427042,29825653,30790513,15052184
2017,35643418,2879355,41136546,49463,73837,91119,44054616,2851923,105439,24590334,8797496,10071567,399020,1456834,279187,9707876,11384489,374693,11596779,63275,2401840,208504960,30060,7182428,19835858,11155593,36554348,63581,4996741,15085884,18368577,1410275957,48351671,761664,4993842,4192467,11336405,171524,1208523,84283273,5737284,70403,10647244,16696944,1450694,3396933,1317549,108197950,50230,919019,5508140,64144086,295450,2140215,2381182,82624374,32602,10692228,55928,120921,168606,16578723,12240789,763252,10863543,7461519,9788941,343632,84505076,39621162,4771854,83580,8309257,60004032,2808376,126662472,10215381,18314814,4124904,1954862,6109252,4796631,6378261,37889,2904450,596283,638609,26169542,17881167,31975806,472442,19311355,19311355,479497,47187,1294741,122839258,37044,632438,28569441,2364534,11682,28183426,17207198,284349,4746252,21737922,25516321,2111979,50729,5277392,4541854,17837,4096063,6355404,31605486,38532812,10307530,3366408,2711755,19698853,145452536,12230339,207630,34056,34193122,15157793,7464880,101811,7677565,5764487,2098392,14864221,56641209,51511639,10658226,46584170,587559,10058190,8451687,23665024,8925525,56267032,70898202,7852795,105415,1478607,5968383,39844,10828,9068296,40127085,66064804,329791231,3422200,30563433,30034389,14751101
2016,34636207,2881063,40339329,50448,72540,90564,43668241,2865835,104874,24195701,8736487,9976248,395976,1409661,278649,9708110,11316836,367313,11260085,63068,2352416,206859578,29739,7245975,19275498,10903327,36113532,62255,4904177,14592585,18083879,1401889681,47625955,746232,4945205,4223751,11342012,170739,1197881,81430977,5706857,70075,10527592,16439585,1398927,3365287,1315926,105293228,49500,918371,5495219,63989319,293541,2086206,2317206,82331423,32565,10749742,55916,119966,168346,16291004,11930985,759087,10713849,7435927,9815104,335675,83306231,38697943,4715788,83450,8159009,60118626,2802695,126993857,9964656,18078553,4048085,1973476,6258619,4706097,6282196,37609,2933673,583351,626688,25501941,17405624,31526418,454252,18700106,18700106,467705,48329,1293911,121519221,37071,633264,27696493,2323352,11437,27861186,17124505,283748,4668081,20921743,25389611,2110196,51133,5236590,4398070,17816,4026336,6266615,31132779,38532113,10332753,3432740,2595166,19797820,145109157,11930899,205544,33834,33416270,14751356,7493288,100508,7493913,5711933,2090020,14292847,56422274,51309984,11066105,46473315,581453,9953317,8372898,23594471,8725318,54401802,70607037,7661354,105707,1469330,5868561,38246,10852,8994263,38748299,65655203,327210198,3413766,30741464,29274002,14452704
2015,33753499,2882481,39543154,51368,71746,89941,43257065,2878595,104257,23820236,8642421,9863480,392697,1362142,278083,9700609,11248303,359871,10932783,63144,2305171,205188205,29366,7309253,18718019,10727148,35732126,60911,4819333,14140274,17870124,1393715448,47119728,730216,4895242,4254815,11339894,169572,1187280,78656904,5677796,70007,10405832,16195902,1346973,3340006,1314657,102471895,48816,917200,5479461,63809769,291787,2028517,2253133,82073226,32520,10806641,55895,118980,167978,16001107,11625998,755031,10563757,7399838,9844246,331060,81790841,37757813,4665760,83593,8007778,60232906,2794445,127250933,9494246,17835909,3908743,1991955,6398940,4612329,6192235,37355,2963765,569408,615239,24850912,16938942,31068833,435582,18112907,18112907,456579,49410,1293153,120149897,36760,633966,26843246,2282704,11185,27610325,17041107,283032,4590590,20128124,25258015,2107962,51514,5190356,4191776,17794,3957099,6177950,30711863,38553146,10365435,3497335,2414573,19906079,144668389,11642959,203571,33570,32749848,14356181,7519496,99240,7314773,5650018,2080862,13763906,55876504,50994401,11194299,46431342,575475,9849349,8281732,23512136,8524063,52542823,70294397,7473229,106122,1460177,5766431,36538,10877,8916899,37477356,65224364,324607776,3402818,30529716,28516545,14154937
2014,32716210,2884102,38760168,52217,71621,89236,42824054,2889930,103594,23469579,8546066,9741880,389131,1311134,277493,9693739,11176723,352335,10614844,63355,2260376,203459650,28971,7372141,18169842,10494913,35404608,59559,4798734,13697126,17687108,1385189668,46677947,714612,4844288,4283972,11332026,168025,1176995,76035588,5650653,69371,10282115,15957994,1295183,3323425,1314526,99746766,48465,915560,5461440,63588491,289873,1966855,2189019,81858825,32452,10862969,55953,117972,167543,15713740,11333365,751115,10412740,7352183,9867901,327644,79961672,36746488,4622167,83896,7863846,60322791,2784543,127476735,8658026,17592298,3761584,2011039,6274342,4519398,6097764,37096,2994927,556069,604167,24215976,16477966,30606459,416738,17551814,17551814,446441,50419,1292113,118755887,36110,634294,26038704,2243001,10940,27462106,16954081,280798,4514195,19372014,25126131,2105291,51856,5137923,4009267,17796,3888793,6090721,30353951,38581872,10408372,3560010,2214465,19995836,144285070,11368451,201757,33389,32125564,13970308,7543960,98001,7140688,5570502,2074917,13309235,54729551,50558043,11213284,46464551,569682,9747508,8187791,23422513,8326348,50814552,69960943,7288383,106626,1450661,5663152,34985,10899,8835951,36336539,64773504,322033964,3391662,30193258,27753304,13855753
2013,31541209,2887014,38000626,52995,71367,88497,42388269,2901385,102880,23111782,8479539,9614478,385650,1261673,276865,9691137,11103257,344688,10308730,63506,2217278,201721767,28657,7431167,17636408,10149577,35063691,58212,4802428,13216766,17509925,1376100308,46237930,699393,4791535,4308854,11321579,166136,1166968,73460021,5625385,68819,10157051,15722989,1243941,3296367,1317982,97084366,48418,913453,5438872,63335180,288032,1902226,2124869,81680591,32411,10914505,56089,116945,167054,15422662,11055430,747420,10261206,7296827,9894639,324024,78458928,35481800,4588832,84144,7726676,60312599,2773129,127678924,7694814,17345732,3646518,2031486,5678851,4427313,5985221,36806,3028189,543066,593374,23588073,16024775,30134807,400728,17004033,17004033,437525,51352,1290691,117290686,35425,633946,25251731,2204510,10694,27381555,16867352,276394,4450644,18653199,25001819,2102215,52141,5080668,3816680,17805,3821556,6005652,30038809,38607353,10464535,3615018,2035501,20066546,143956866,11101350,199939,33285,31482498,13595566,7566676,96714,6964859,5478055,2072374,12852485,53873616,50098229,11106031,46603459,563947,9648932,8088367,23330334,8136610,49253643,69578602,7106229,107089,1440729,5560095,33594,10918,8751847,35273570,64302297,319375166,3381180,29838021,26984002,13555422
2012,30466479,2892193,37260563,53691,71013,87674,41952365,2914421,102112,22729269,8429637,9485576,382061,1224939,276197,9693749,11031139,337059,10014078,63560,2175425,199977707,28421,7488344,17113732,9795479,34691878,56860,4773306,12754906,17341771,1366560818,45782417,684553,4736593,4331595,11309290,163948,1156556,70997870,5600959,68888,10030882,15483883,1193636,3252596,1322682,94451280,48392,911059,5413859,63071416,286584,1836705,2061014,81545565,32160,10963635,56199,115912,166392,15128306,10788692,743966,10108539,7234060,9922127,320979,77324451,33864447,4564550,84338,7592106,60190145,2759817,127853688,7211863,17102864,3394663,2053636,5178337,4331740,5869870,36505,3063341,530585,582766,22966240,15581251,29660212,387539,16514687,16514687,429907,52203,1288745,115755909,34700,633051,24487611,2167470,10444,27330694,16785299,271303,4410284,17954407,24887770,2099478,52359,5019056,3535579,17946,3754862,5923322,29749589,38625874,10522086,3657988,1905660,20137118,143629362,10840334,198124,33132,30821543,13231833,7591350,95309,6788587,5381005,2069354,12440326,53145033,49634185,10701604,46756082,558111,9555987,7995738,23234058,7956382,47786137,69157023,6926635,107502,1430377,5458682,32081,10854,8664969,34273295,63808727,316651321,3371133,29470426,26223391,13265331
2011,29249157,2900654,36543541,54310,70567,86729,41520740,2928976,101288,22357034,8391200,9359014,377950,1212077,275486,9706981,10955743,329538,9726380,63533,2134037,198185302,27962,7543130,16602651,9455733,34323531,55492,4732022,12317730,17173573,1357095481,45308899,670071,4679926,4351842,11298710,161677,1145086,68654269,5576016,68742,9903737,15237728,1144588,3207570,1327429,91817929,48386,908355,5388166,62775268,285265,1772500,1998212,81423378,31701,11004725,56288,114918,165649,14833453,10527712,744230,9954312,7175364,9953245,319293,76342971,32378061,4544501,84350,7459749,60025952,2746169,128007257,7109980,16864917,3143825,2076974,5045056,4181150,6188132,36189,3099798,518206,571003,22348158,15146094,29184133,374440,16039734,16039734,423571,52971,1286236,114150481,33945,631788,23760421,2132340,10283,27266399,16701472,266303,4381269,17283112,24783789,2097099,52520,4953561,3206870,18240,3688674,5843939,29477721,38620847,10564826,3691614,1804171,20220285,143364543,10576932,196351,32495,30150945,12875880,7620918,93827,6612385,5281344,2065453,12216837,52443325,49169878,10243050,46729232,552146,9467388,7910982,23143071,7784819,46416031,68712846,6748672,107611,1420020,5360811,30816,10700,8575205,33295738,63286362,313876608,3361637,29096159,25475610,13025785
2010,28189672,2913399,35856344,54849,71519,85695,41100123,2946293,100341,22019168,8362829,9237202,373272,1213645,274711,9731427,10877947,322106,9445710,63447,2091664,196353492,27556,7592273,16116845,9126605,33963412,54074,4660067,11894727,17004162,1348191368,44816108,656024,4622252,4368682,11290417,159380,1129686,66391257,5550849,68755,9775755,14989585,1094524,3147727,1331535,89237791,48410,905169,5363271,62444567,283788,1711105,1937275,81325090,31262,11033783,56351,114039,164905,14543121,10270728,747932,9842880,7132438,9986825,318333,75373855,31264875,4524585,83828,7328445,59822450,2733896,128105431,6931258,16627837,2943356,2101530,4995800,4019956,6491988,35926,3139019,507070,557297,21731053,14718422,28717731,361575,15529181,15529181,418755,53416,1283330,112532401,33178,631044,23073723,2099271,10241,27161567,16617117,261426,4346338,16647543,24686435,2093828,54087,4889741,2881914,18540,3623617,5768613,29229572,38597353,10588401,3717922,1713504,20335211,143242599,10309031,194672,31608,29411929,12530121,7653748,92409,6436698,5163590,2057287,12026649,51784921,48813042,9714419,46572772,546080,9381729,7822435,23083083,7621779,45110527,68270489,6571855,107383,1410296,5267970,29726,10550,8481771,32341728,62760039,311182845,3352651,28715022,24743946,12839771
2009,27385307,2930541,35196037,55366,73852,84534,40684338,2964296,99212,21660892,8342935,9119628,368057,1179453,273791,9757708,10801356,314171,9172514,63353,2048997,194517549,27044,7634735,15650022,8709366,33593917,52602,4564540,11496128,16833447,1339125595,44313917,642493,4563127,4382130,11283185,157010,1110974,64270232,5526452,68787,9648061,14742766,1043686,3083888,1334552,86755585,48429,901383,5338815,62093296,282283,1653542,1878119,81260615,30819,11055496,56442,113249,164580,14259411,10021323,751258,9730638,7094595,10008579,318800,74322685,30289040,4499792,82915,7199703,59562841,2722401,128117042,6780493,16402369,2795550,2126265,4951135,3905066,6360191,35675,3180479,497868,543021,21117092,14298932,28217204,349037,15032635,15032635,415500,53593,1279868,111049428,32401,631182,22436660,2067919,10233,27026941,16536208,256976,4302886,16037915,24581509,2089787,57056,4829199,2697537,18826,3559343,5702574,29009326,38555285,10591343,3738939,1610274,20466318,143163643,10043737,193176,31059,28483797,12195029,7688034,91030,6259842,5010704,2045578,11730037,51170779,48588019,9229227,46367772,539987,9301413,7734405,23044082,7468596,43957933,67813654,6398624,107144,1401191,5180957,28581,10408,7992644,31412520,62243378,308512035,3344156,28327892,24029589,12679810
2008,26427199,2951689,34569592,55891,76055,83251,40273769,2983421,97996,21247873,8321131,8999696,362795,1110343,272635,9787826,10726716,305671,8906469,63258,2007320,192672317,26115,7674913,15197915,8278109,33218541,51123,4467233,11098664,16661462,1330167148,43815313,629470,4501921,4393664,11276609,154587,1092390,62249724,5502751,68782,9522948,14496797,994971,3005779,1337011,84357105,48411,896731,5313350,61721009,280558,1599978,1820542,81217482,30398,11073623,56578,112478,164725,13979451,9779785,754150,9575247,7050677,10023510,317715,73318394,29218381,4452392,81997,7074522,59224228,2711373,128077633,6632873,16196517,2650930,2150412,4887613,3783887,6228370,35401,3224378,488635,529038,20513599,13889423,27664296,336883,14551117,14551117,413401,53816,1275684,109684489,31862,631466,21845571,2038552,10243,26881544,16460770,253077,4260239,15455175,24469047,2086227,60032,4768654,2651028,19102,3495276,5645148,28806185,38522882,10580960,3757619,1444277,20597508,143086549,9781996,191787,30700,27437353,11872929,7722794,89644,6090860,4838402,2034033,11444870,50565812,48398626,8823888,45966538,533938,9229271,7638288,22998321,7324627,42870884,67328239,6222482,106932,1392803,5100083,27422,10272,6988685,30509862,61742151,305694910,3336126,27933833,23329004,12550347
2007,25903301,2976084,33983827,56383,78168,82016,39876111,3004393,96787,20830828,8294722,8878411,357666,1040532,271444,9825986,10653697,297173,8647761,63156,1966977,190779453,25191,7719035,14757074,7944609,32862459,49647,4375569,10722731,16495538,1321513224,43306582,616899,4440019,4405532,11269887,152119,1073873,60289422,5479722,68775,9402206,14251835,948814,2926168,1340574,81996185,48361,890648,5288689,61329376,278178,1549774,1764883,81183830,29996,11091493,56708,111725,164763,13696606,9547082,756521,9420826,7001456,10041172,311853,72319418,28660887,4359834,81100,6952003,58778482,2701221,128006426,6473457,16006136,2506769,2176053,4809608,3632740,6097177,35150,3272418,479868,515330,19924958,13495463,27092604,325126,14080912,14080912,412081,54038,1270584,108302973,31823,631923,21280513,2011492,10267,26713655,16391232,249367,4221494,14897873,24356506,2083488,63050,4709577,2605700,19366,3431614,5590145,28600387,38521874,10565551,3775440,1231893,20744230,143117693,9523168,190478,30372,26400068,11563869,7758174,88325,5939163,4663256,2023229,11118092,49996094,48220601,8417823,45245782,527946,9164272,7541904,22942308,7188391,41716497,66826754,6047537,106638,1384861,5024894,26268,10149,5872624,29629804,61260676,302743399,3328651,27525097,22641538,12450568
2006,25442944,3003387,33435080,56837,80221,80895,39476851,3026486,95606,20467030,8267763,8763353,352664,970981,270425,9874700,10582975,288729,8402631,63081,1928704,188820682,24323,7766036,14316242,7658190,32531867,48177,4294352,10365614,16334575,1313086567,42772910,604658,4378172,4417560,11260630,149664,1055438,58381630,5457864,68742,9284168,14009061,905418,2880093,1346709,79691050,48313,883083,5266251,60919150,274901,1502534,1711294,81177817,29587,11106093,56811,110988,164675,13412406,9330625,758367,9266288,6960595,10057063,304070,71275760,28905607,4234806,80228,6832077,58429903,2689660,127902167,6075548,15822748,2363409,2203913,4719864,3455397,5973369,34889,3322932,472404,501863,19350299,13118307,26509413,314401,13623541,13623541,411197,54208,1264767,106886790,32011,632545,20735982,1986558,10294,26518971,16325677,245635,4179978,14365168,24235761,2081075,66060,4661087,2560649,19619,3368573,5534675,28381078,38547179,10543947,3791559,1015060,20909401,143338669,9270066,189379,29959,25382870,11263387,7794792,87093,5809774,4486583,2013570,10784973,49491756,48049347,8029517,44422831,522023,9104719,7475010,22874975,7057417,40562052,66319525,5874240,106190,1376919,4954029,25128,10030,4898954,28773227,60803700,299753098,3322282,27102081,21966298,12330490
2005,24411191,3032634,32956690,57254,79826,79869,39070501,3047246,94483,20171731,8227034,8656237,347804,901921,269477,9935163,10516978,280375,8149419,62959,1892807,186797334,23497,7815221,13876127,7388874,32215916,46727,4208834,10005012,16175311,1304887562,42220940,592683,4315887,4429681,11246114,147263,1037062,56550247,5436313,68674,9164768,13770012,864726,2831732,1354662,77469940,48291,874923,5246071,60510079,271060,1458353,1660368,81212168,29155,11113448,56887,110254,164430,13132814,9140114,759709,9111900,6936874,10073525,297029,70182594,28698684,4121216,79415,6714124,58199876,2676863,127798373,5678534,15656248,2235403,2233157,4643044,3266318,5837986,34603,3373533,464860,488619,18792171,12755648,25923536,307018,13180551,13180551,410208,54337,1258048,105442402,32141,632875,20211114,1962865,10318,26285110,16261831,242141,4132781,13855221,24100982,2078662,69025,4623689,2515192,19831,3305868,5476878,28147267,38575911,10523315,3805559,848710,21092264,143800049,9026299,188626,29508,24397644,10974057,7830944,85883,5683334,4344637,2004778,10467292,49017147,47889573,7662654,43685374,516220,9051738,7428435,22796306,6929145,39439505,65821360,5711597,105633,1369075,4885775,23995,9912,4280993,27946588,60383741,296842670,3317665,26668785,21320671,12224753
2004,23553551,3062622,32510186,57626,76933,78941,38668796,3065745,93540,19925056,8171217,8556164,343089,833451,268505,9999712,10456163,272128,7894554,62740,1859085,184722043,22715,7865316,13445977,7120496,31911668,45286,4115138,9613503,16017966,1296816711,41648268,581154,4252800,4443350,11225294,145083,1018684,54815607,5415586,68574,9043127,13534593,826355,2763140,1362480,75301026,47989,866694,5228141,60108438,267132,1417110,1612225,81266673,28716,11115091,56866,109516,164004,12852436,8961039,760424,8961489,6915998,10094493,292361,69061674,27858948,4031954,78677,6595986,57860661,2664024,127671288,5532423,15521923,2153481,2263443,4574797,3122447,5687563,34300,3422591,457788,475529,18250774,12411342,25333247,302135,12751995,12751995,408798,54435,1250380,103945813,32236,632545,19694411,1939406,10335,26003965,16196035,238649,4081409,13366885,23948930,2075874,71898,4592277,2468855,19907,3243311,5416324,27893911,38596042,10501522,3817037,777943,21289286,144353636,8791853,188073,29093,23661808,10698691,7863395,84715,5533329,4270401,1996722,10117354,48556071,47727285,7317118,42959666,510572,9004263,7381151,22703099,6801204,38360879,65311166,5565218,105036,1361172,4819792,22869,9791,3993339,27146084,59995851,293947885,3313801,26226927,20733406,12160881
2003,22645130,3092991,32055883,57941,73907,78075,38278164,3084102,92701,19698999,8120104,8462322,338490,778256,267499,10065878,10402550,263998,7659208,62468,1826863,182629278,21982,7917739,13030591,6860846,31619450,43862,4026841,9196366,15859112,1288873367,41057687,570130,4188610,4461139,11199217,143108,1000350,53205639,5396355,68442,8919852,13301184,789681,2653390,1370660,73168838,47392,858306,5212989,59728262,263173,1378398,1566257,81346810,28301,11110487,56728,108740,163385,12570504,8772254,760562,8812245,6886457,10118062,289801,67954699,27068823,3958705,77939,6475913,57425175,2651027,127502352,5396117,15416712,2101506,2294342,4504807,3085173,5542641,34000,3469675,451351,462533,17724310,12087965,24739411,297226,12342165,12342165,406919,54493,1242340,102429341,32316,632351,19186754,1915425,10344,25682908,16127579,234685,4019941,12900790,23781707,2071142,74623,4565167,2431600,19880,3181608,5353254,27623341,38621531,10473344,3825628,748525,21481320,144946723,8567992,187440,28601,23150847,10434504,7887463,83592,5350907,4226413,1989411,9758281,48104048,47539738,6992367,42230270,503780,8961506,7330729,22593681,6672492,37333918,64776956,5421001,104410,1353548,4758988,21739,9668,3813443,26354736,59649799,291109820,3310202,25782029,20188799,12075828
2002,21000256,3123551,31624696,58177,70849,77195,37885028,3105037,91781,19475844,8078992,8372127,334002,748324,266455,10135388,10355568,255987,7431783,62139,1795130,180476685,21288,7974810,12632269,6648938,31322398,42456,3930648,8838369,15693790,1280926120,40454050,559047,4122623,4482868,11170051,141382,982194,51662071,5378697,68262,8795101,13070609,754115,2547424,1379240,71073215,46813,849891,5200596,59372786,259137,1341696,1522223,81443427,27892,11096617,56565,108231,162563,12289856,8577790,760323,8661546,6848847,10148401,287798,67327117,26255343,3894258,77183,6356693,57107577,2638244,127301750,5275532,15338963,2047364,2326144,4446666,3060599,5405326,33693,3515799,445913,449665,17211934,11784498,24142445,292284,11952660,11952660,404699,54496,1233972,100917081,32386,632737,18694946,1888525,10351,25332178,16057040,230399,3948584,12456517,23638411,2064737,77162,4538438,2403659,19851,3120990,5286512,27334503,38647476,10430914,3830773,713186,21653532,145590136,8372306,186630,27969,22623415,10180950,7904269,82433,5140113,4176794,1983767,9411103,47661514,47320668,6686100,41477655,495666,8926012,7276480,22469616,6541755,36353531,64222580,5281538,103804,1345964,4698968,20598,9609,3633655,25545090,59355690,288350252,3306441,25330929,19660653,11984644
2001,19688632,3153612,31200985,58324,67820,76215,37480493,3133133,90691,19248143,8039626,8282023,329626,730257,265377,10201209,10309255,248100,7212041,61763,1761930,178211881,20657,8034860,12249764,6465729,31002763,41054,3844773,8538804,15523978,1272739582,39837875,547741,4053222,4506759,11139127,140631,964830,50106657,5360748,68153,8669040,12845521,719270,2461927,1387995,69018932,46245,841320,5188002,59014772,255049,1306590,1479449,81514568,27721,11072182,56386,107936,161524,12009194,8445717,759809,8511728,6801542,10177955,285238,66674851,25425663,3829018,76398,6237982,56994993,2625405,127065731,5163310,15281285,1991674,2359249,4389200,2981648,5275916,33376,3560142,441250,439122,16709665,11498818,23542517,287324,11583824,11583824,402151,54413,1225272,99394288,32444,633065,18220716,1856402,10363,24956071,15981636,225987,3889579,12031430,23512522,2053384,79479,4514017,2374653,19828,3061024,5211541,27014909,38662862,10371819,3832131,678831,21797590,146235530,8223941,185530,27335,22085929,9938027,7917793,81262,4857096,4121337,1982487,9070747,47229714,47064790,6394431,40966450,487394,8896748,7224403,22333125,6408810,35414469,63649892,5145426,103210,1338567,4635094,19578,9621,3454198,24763325,59092016,285470493,3300939,24880203,19143457,11910978
2000,19542982,3182021,30774621,58230,66097,75055,37070774,3168523,89101,19017963,8010428,8190337,325014,711442,264657,10256483,10264343,240406,6998023,61371,1726985,175873720,20104,8097691,11882888,6307659,30683313,39658,3759170,8259137,15351799,1264099069,39215135,536758,3979193,4548434,11105791,141424,948237,48616317,5340655,68346,8540791,12626507,684977,2392880,1396877,67031867,45660,832509,5176209,58665453,250927,1272935,1437539,81551677,27741,11038109,56184,107432,160188,11735894,8336967,759051,8360225,6731195,10202055,281462,65544383,24628858,3768950,75562,6116958,56966397,2612205,126803861,5056174,15236253,1934901,2392530,4320642,2895224,5154790,33026,3599637,435628,431896,16216431,11229387,22945150,282507,11239101,11239101,399212,54224,1215930,97873442,32465,633324,17768505,1819141,10377,24559500,15899135,221537,3855266,11622665,23367059,2037936,80338,4491202,2344253,19726,3001731,5123819,26654439,38504431,10300626,3827108,645937,21919876,146844839,8109989,184008,26823,21547390,9704287,7935022,80060,4584067,4053602,1984339,8721465,46813266,46788591,6114440,40741651,478998,8871043,7182059,22194731,6272998,34463704,63066603,5008035,102603,1332203,4569132,18744,9638,3275333,24020697,58850043,282398554,3292224,24427729,18628700,11834676
1999,19262847,3208260,30346083,57594,65655,73821,36653031,3206030,86867,18800892,7991377,8101449,320272,692133,264170,10308283,10224220,232733,6788589,60981,1691558,173486281,19586,8162301,11533554,6180180,30399778,38295,3655360,7981889,15176410,1255433236,38585033,526443,3901430,4605329,11070094,143251,931600,47227238,5319854,68698,8411374,12412046,655029,2356477,1403498,65077579,45203,823422,5165491,58352208,246821,1240764,1396499,81556965,27695,10993862,56106,106823,158395,11463504,8174897,758014,8208941,6641965,10230256,277626,64474745,23820734,3719912,74668,5994088,56945068,2596271,126555063,4950775,15256255,1877427,2426351,4250020,2789743,5057998,32615,3633944,429349,425518,15730885,10973956,22368655,278111,10916993,10916993,395983,53834,1205413,96334810,32394,633723,17337893,1778277,10383,24143157,15812487,217118,3833494,11231469,23204498,2023778,76237,4462142,2312600,19380,2943120,5026031,26252239,38354956,10233369,3810115,613302,22039007,147336388,8009587,182211,26404,21009660,9478564,7959744,78833,4475145,3966481,1986261,8384479,46364681,46520444,5850145,40542232,470458,8848876,7142198,22057214,6189565,33499772,62442651,4867941,101982,1327063,4501079,17984,9640,3097563,23279247,58635202,279181581,3278963,23966960,18114552,11716454
1998,18493132,3232175,29924668,56603,65186,72572,36233195,3240550,84355,18601667,7975862,8041096,315398,672484,263642,10357466,10188538,224907,6584183,60603,1655699,171039804,19079,8234927,11201063,6035340,30144812,36947,3555064,7709115,14996742,1246836105,37944414,515959,3821421,4659932,11033758,145250,914660,45895524,5298992,68938,8282126,12199693,629734,2322753,1411147,63136493,44865,813947,5153544,58080344,242882,1209832,1356189,81524383,27636,10939475,56123,106200,156357,11184032,7992545,756697,8060896,6546057,10260967,274285,63461421,23053488,3678667,73727,5869504,56938738,2576567,126308390,4844403,15474254,1819544,2462337,4178784,2639224,4980962,32190,3665510,423574,418776,15250934,10732456,21810542,273796,10620475,10620475,392483,53164,1194880,94767284,32209,633903,16923195,1735953,10377,23703328,15722594,212756,3810044,10854920,23023636,2012844,68501,4431676,2279727,18852,2885177,4923449,25818226,38379990,10179415,3785238,580997,22161242,147672728,7914645,180385,25997,20472580,9261526,7985506,77664,4449975,3866293,1988279,8056862,45852166,46250259,5699436,40362357,461749,8828633,7108221,21913672,6156805,32626498,61745217,4728297,101343,1322572,4431517,17239,9634,2921130,22537658,58438321,275835018,3262683,23503819,17608133,11548364
1997,17788819,3253719,29476031,55578,64682,71218,35815971,3271418,81858,18410250,7967093,8000061,310171,652643,263224,10400924,10154872,217117,6387026,60227,1619354,168546707,18591,8318966,10897353,5923862,29882752,35579,3458472,7450874,14809289,1237801448,37291946,505033,3739421,4711373,10998129,147145,897471,44822198,5277382,69081,8150076,11987838,605570,2291561,1421490,61233480,44495,804572,5139943,57839363,239036,1179806,1317002,81436087,27564,10875273,56072,105549,154330,10905381,7842806,755211,7915172,6441236,10286220,271356,62480533,22330770,3640150,72793,5743283,56925800,2554954,126027985,4733665,15820432,1761468,2498879,4107551,2383300,4902346,31770,3694896,418411,411700,14778903,10512678,21249178,269040,10359301,10359301,388839,52358,1184257,93183094,31968,633607,16521724,1693242,10363,23249417,15629905,208421,3775852,10494201,22827373,2004234,60817,4405333,2245588,18297,2827992,4818289,25365386,38396130,10130549,3759518,550591,22289535,147939972,7666732,178543,25596,19938377,9051539,7997525,76531,4405028,3760649,1989828,7734313,45285048,45962393,5589410,40180050,452887,8807869,7086998,21764843,6117069,31785846,60989108,4592550,100658,1318171,4363672,16515,9630,2746119,21876935,58250198,272395438,3245069,23037561,17108681,11362401
1996,17106595,3271331,28984634,54500,64147,69798,35389362,3298898,79417,18211845,7958041,7949101,304933,632756,262793,10436459,10123229,209840,6203860,59840,1582169,166037122,18120,8401376,10621210,5930507,29593849,34194,3363570,7200291,14615483,1228298836,36632573,494288,3656234,4758628,10963031,148938,880058,44118709,5256007,69166,8012314,11775221,582573,2264073,1434670,59347649,44138,796538,5124718,57623178,235189,1150601,1279070,81300865,27491,10803806,55960,104846,152261,10632293,7683115,753571,7770593,6333444,10308267,269137,61598378,21639332,3606728,71981,5612494,56898973,2532894,125726223,4608676,16144247,1703318,2534287,4034243,2203966,4820066,31337,3722022,413202,404297,14317454,10310528,20689051,263841,10131906,10131906,385269,51538,1172542,91586555,31719,633004,16079553,1650066,10345,22783969,15538616,204086,3728457,10149937,22614347,1994226,53367,4381510,2209958,17732,2771606,4711655,24907304,38401408,10087645,3732811,529265,22417869,148233411,6715510,176713,25235,19410280,8843423,7993446,75550,4347370,3651903,1990667,7472450,44661603,45660168,5434894,39996473,443834,8785494,7069691,21612429,6035600,31140733,60211096,4445883,100195,1313434,4301093,15806,9611,2572735,21249572,58078586,268984347,3226633,22572110,16614326,11178171
1995,16418912,3284364,28478022,53401,62928,68398,34946110,3322782,77050,18002999,7947296,7889330,299554,612934,262303,10461696,10095198,203556,6046511,59465,1543634,163515328,17674,8477579,10353263,5932783,29289423,32802,3276706,6888856,14416796,1218144426,35970101,483760,3572856,4807100,10926703,150592,862418,43285791,5235197,69201,7869753,11561683,560740,2157220,1452775,57476536,43805,792246,5107943,57420354,231446,1121964,1242155,81123262,27412,10727927,55788,104060,150094,10363090,7468347,751689,7627316,6243859,10327169,267681,60794809,20948858,3579482,71454,5478734,56885126,2509372,125433969,4458195,16434324,1655222,2570151,3959640,2142422,4733063,30890,3747267,407635,396641,13869138,10112816,20136888,258208,9921094,9921094,381849,50702,1160207,89969572,31482,632066,15594830,1605370,10316,22305571,15446668,199701,3673893,9813918,22385536,1983964,48717,4359333,2172672,17209,2716067,4603917,24449055,38401978,10051248,3704947,515133,22533134,148557451,5686897,174902,24886,18888857,8632681,7982462,74735,4324149,3543875,1991106,7210930,43986084,45393418,5302042,39814573,434490,8758496,7038297,21455813,5916173,30560071,59424834,4279566,99977,1307822,4226623,15101,9585,2433988,20680831,57930364,265660556,3208300,22107286,16103339,10994041
1994,15455555,3293999,27937006,52288,61037,67072,34488696,3373713,74710,17805504,7935365,7821880,293997,593254,261712,10475395,10069182,198416,5923394,59111,1503544,160980472,17255,8548466,10091256,5586408,28981189,31418,3187844,6592998,14210674,1207286675,35295461,473478,3489152,4819426,10887207,152089,844444,41511985,5213800,69198,7723934,11347652,539992,2042500,1475727,55620211,44131,790803,5088490,57230065,227682,1093611,1205882,80882126,27282,10647416,55700,103174,147843,10094921,7262112,749546,7486091,6168707,10342434,266224,59985749,20248073,3559398,71094,5346292,56883819,2484182,125119269,4278166,16747151,1641106,2606454,3888144,2125198,4641296,30447,3770456,402043,388779,13436121,10131799,19588703,252201,9711797,9711797,378563,49840,1147161,88314424,31253,630968,14912873,1558449,10274,21794751,15349478,195264,3620890,9493324,22105225,1982458,47780,4336739,2133675,16770,2661385,4495301,23983258,38375459,10018104,3675749,500683,22632776,148829113,6732665,173107,24535,18367528,8416997,7969951,73846,4314953,3438613,1991449,6959828,43267982,45165780,5142863,39623725,426548,8723460,6991538,21293437,5803993,29598323,58610010,4092612,99731,1301393,4133037,14402,9559,2329024,20125021,57785900,262273589,3189945,21640833,15553171,10858594
1993,14003760,3300711,27354327,51174,59156,65834,34027240,3457349,72360,17631511,7905278,7740107,288164,573755,260995,10480484,10043738,194177,5706181,58739,1462262,158440875,16855,8611535,9840075,5555220,28668166,30038,3089146,6448280,13998386,1195855558,34614735,463318,3405372,4792403,10840934,153387,825986,39580844,5193775,69169,7576074,11132829,520236,1981419,1504436,53791672,45096,789198,5066605,57053732,223714,1065390,1168309,80573488,27118,10563441,55708,102173,145541,9831868,7046097,747189,7345940,6089808,10357421,263932,59755430,19295818,3545700,70710,5212998,56869454,2459062,124779576,4075759,16979697,1653645,2638889,3818796,2132771,4544970,30012,3788528,396697,380712,13020100,10257233,19050077,245845,9506510,9506510,375241,48944,1133252,86648447,31024,629554,14206254,1509834,10226,21267359,15251086,190782,3573742,9193078,21773017,1996893,47948,4312136,2071868,16380,2607499,4386202,23513882,38319296,9992103,3645017,486041,22721656,148897270,7904740,171362,24181,17846461,8196551,7957071,73040,4295689,3334131,1991685,6620729,42525440,44932861,5018172,39420546,422375,8683405,6936121,21125717,5717806,28469017,57776082,4078392,99492,1293974,4031698,13704,9517,2223284,19462958,57647463,258779753,3171747,21172100,14988047,10794918
1992,12057433,3303739,26748303,50078,57283,64659,33568285,3574555,70192,17462504,7840816,7643338,281973,554470,260212,10475907,10016455,190299,5457778,58322,1420695,155900790,16476,8668540,9598555,5743085,28347641,28677,2991727,6302926,13782297,1183813389,33939039,452990,3321939,4798321,10783748,154376,810431,38332302,5175469,69112,7427340,10914222,501334,1921153,1540381,52011554,46005,786859,5042121,56864048,219621,1037446,1127152,80205030,26945,10478388,55688,101040,143173,9576630,6832195,744998,7205780,6007685,10370060,261262,59372016,18385673,3528367,70307,5079389,56833185,2434574,124444693,3866887,17043417,1620633,2662883,3745407,2052626,4444820,29581,3795742,391516,372370,12623342,10115420,18526708,239136,9310572,9310572,371880,48015,1118714,84993164,30794,627665,13816881,1461687,10129,20702133,15150685,186262,3532563,8907644,21439991,2018023,48128,4286557,1985227,16004,2554382,4277051,23047248,38252276,9978744,3612629,471293,22800963,148725601,7657208,169799,23808,17281350,7974514,7943502,72417,4301566,3228231,1991340,6428141,41760755,44703709,4956969,39202251,419521,8640272,6873179,20952222,5656208,27580723,56939020,4106219,99260,1285502,3926369,13014,9466,2116231,18801966,57509240,255175339,3153732,20700461,14433771,10641501
1991,10745167,3302081,26133905,48992,55434,63634,33105763,3617631,67864,17271086,7755638,7538267,276058,535415,259402,10457617,9987070,186462,5293046,57874,1380584,153336445,16090,8721660,9365064,5594828,28015761,27340,2898052,6042428,13561945,1170626171,33272628,442277,3239414,4844522,10713812,155021,799061,37194812,5158325,69141,7278402,10686279,483142,2039220,1565627,49937430,46810,784832,5013854,56645215,215444,1009995,1083536,79801988,26988,10391547,55657,99758,140739,9329557,6615734,744096,7066055,5923447,10374747,257991,57990883,17846378,3504805,69770,4942812,56794489,2411867,124073993,3666379,16993792,1339500,2678964,3666734,1939236,4341971,29168,3793425,386399,362390,12245260,9831584,18017464,232150,9123969,9123969,368670,47053,1104259,83351595,30564,624954,13561175,1415617,9902,20130779,15046584,181720,3481599,8634640,21115534,2036686,48302,4261886,1895187,15640,2502044,4167996,22583006,38167382,9986415,3578450,456486,22842482,148455402,7485681,168701,23459,16654276,7754289,7964456,71754,4378169,3120620,1989797,6732702,40910959,44487412,4867185,38997063,415981,8594171,6795393,20770620,5556306,26890906,56099865,3990215,99010,1276224,3821782,12329,9354,2008383,18171935,57359454,251560189,3135374,20226214,13895851,10377815
1990,10694796,3295066,25518074,47818,53569,63328,32637657,3556539,65712,17048003,7678729,7427836,270679,517418,258868,10428525,9959560,182589,5133419,57470,1341474,150706446,15617,8767778,9131361,5483793,27657204,26027,2809221,5827069,13342868,1153704252,32601393,431119,3158253,4873707,10626680,155446,788500,35987541,5144623,69481,7129004,10449837,465549,2149960,1570674,47878073,47479,780430,4986545,56412897,211089,983028,1040616,79370196,27317,10302255,55599,99047,138263,9084780,6354145,747116,6925331,5838574,10375989,255019,55793629,17658381,3485374,68865,4803254,56756561,2392030,123686321,3480587,16866563,1674938,2689391,3593700,2209731,4236983,28765,3785847,381267,350227,11882762,9539665,17517054,224957,8945026,8945026,365392,46047,1090290,81720428,30329,621442,13303459,1369011,9598,19616530,14944548,177264,3397389,8370648,20799523,2044174,48002,4241636,1804524,15293,2449968,4059195,22109099,38064255,10007346,3543776,441675,22836234,148005704,7319962,168186,23132,16004763,7536001,7987529,71057,4325388,3022209,1986024,6999096,39877570,44120039,4750817,38889889,412756,8548406,6711693,20586174,5417860,26206012,55228410,3875947,98727,1266518,3720278,11709,9182,1900151,17586630,57210442,248083732,3117012,19750579,13375121,10113893
1989,10673168,3282182,24889507,46288,51639,63636,32165766,3448186,64596,16796588,7619391,7348874,265493,500349,258759,10387610,9937170,178695,4979680,57111,1301671,148003411,15091,8804430,8895234,5373697,27244406,24888,2724109,5670619,13128619,1134414723,31923117,419584,3079001,4874182,10527187,155773,777592,34825891,5133930,69975,6980033,10210185,448420,2102131,1568047,46195954,47490,772704,4964475,56169948,206571,956509,999732,78916438,27688,10211979,55298,99224,135759,8839538,6136166,752897,6784161,5752708,10397173,253042,53644736,17442590,3483314,67740,4666782,56711524,2373365,123270648,3310954,16704993,2210013,2693388,3525502,2507600,4130042,28357,3773180,376949,337336,11536734,9174895,17020143,217937,8774122,8774122,361894,44988,1076961,80233749,30078,617860,13087604,1288070,9306,19145077,14850225,173156,3333755,8116075,20494965,2039426,45859,4227074,1713838,14957,2398535,3951288,21624311,37939013,10020315,3513735,426896,22788040,147341508,7141974,167886,22803,15353227,7321832,7977877,70343,4159163,2945693,1980180,7035378,38668684,43567512,4706626,38847318,408360,8504982,6646208,20404386,5264332,25522898,54324004,3763657,98379,1256210,3621303,11227,9017,1791840,17028543,57076099,244954094,3097889,19275292,12872362,9846346
1988,10383460,3263019,24243018,44532,49654,63982,31690792,3366838,64332,16525903,7583761,7261151,260452,483337,258762,10333480,9917995,174817,4831624,56740,1261272,145253973,14593,8835815,8663720,5271840,26815064,23956,2657235,5483038,12918389,1115889802,31256727,408070,3001461,4865828,10425433,156043,766412,33750052,5126107,70397,6834207,9969788,431587,2051546,1559586,44511537,46959,764370,4946561,55911478,201740,930464,960837,78477530,28000,10120191,54778,99877,133079,8600111,5977175,758450,6644959,5665617,10434265,249917,52111868,16987346,3498030,66636,4535396,56670888,2354805,122798302,3157177,16430590,2129153,2690470,3457148,2439639,4021565,27944,3755541,373432,324478,11206789,8754781,16524616,211160,8617474,8617474,358439,43687,1064330,78892015,29802,614267,12956772,1207949,9022,18720745,14762318,169474,3316002,7872252,20197464,2031932,42381,4209653,1623433,14632,2347821,3844437,21143799,37812076,10023310,3487970,412142,22719093,146464378,6953975,167452,22542,14713715,7113636,7963941,69585,4056215,2880504,1973494,7160461,37393853,42988455,4814879,38781722,402139,8468137,6592671,20211361,5100020,24844147,53410965,3653420,97939,1244633,3525110,10816,8844,1683681,16489323,56952648,242287814,3077760,18800770,12387238,9568739
1987,10322758,3237676,23586101,42842,47635,64353,31216453,3351364,64450,16259249,7572380,7132685,255618,466565,258654,10270609,9900221,170980,4688787,56367,1220361,142466264,14117,8865755,8434996,5157769,26436889,23075,2615594,5300852,12712784,1096851843,30603048,396887,2924595,4849962,10326910,156262,755021,32712574,5121510,70808,6692720,9729376,414769,2000355,1547706,42851957,46477,754778,4932176,55641541,196856,905016,923914,78090895,28272,10029141,54248,100599,130259,8369359,5820774,763706,6508349,5578533,10469192,246032,50541490,16598019,3513700,65554,4412030,56644530,2336245,122268885,3014694,16072478,2048477,2681836,3390870,2372449,3911939,27542,3732005,370526,311808,10890514,8295993,16033103,204256,8474329,8474329,355169,42122,1051809,77553504,29500,610811,12964793,1165430,8759,18326204,14675301,166055,3299450,7636591,19903893,2023097,38923,4187036,1533351,14309,2297231,3739050,20671360,37654411,10020203,3461929,397391,22653807,145312019,6735829,166773,22437,14089798,6909837,7948306,68897,3947865,2814742,1966495,7158004,36119333,42405253,4893809,38694533,396867,8437994,6544453,19995931,4946293,24099415,52479181,3544927,97392,1231442,3430501,10400,8665,1575909,15974216,56826322,239853168,3058787,18328655,11915563,9277488
1986,10448442,3207128,22882553,41221,45605,64712,30748326,3327182,64553,16012299,7567248,7009127,250804,450196,258370,10201670,9887815,167191,4551382,55995,1179263,139643355,13656,8892100,8207827,5041706,26116071,22195,2583631,5118160,12514502,1077770523,29960101,386068,2847849,4828684,10235480,156458,743446,31725132,5119369,71215,6554325,9490096,397276,1949611,1536023,41455309,46011,742658,4918172,55371639,192196,880340,888980,77803357,28506,9936726,53727,100893,127462,8148185,5671380,768508,6375097,5492791,10505772,243357,48913237,16148221,3515669,64663,4295405,56639054,2315871,121710305,2879799,15721289,1968093,2668867,3308010,2305860,3800110,27159,3702828,368170,299491,10588428,7909819,15558740,197225,8334588,8334588,352091,40527,1039028,76224365,29171,607629,12909797,1127989,8527,17936926,14592531,162797,3281671,7408364,19613038,2012926,35459,4167459,1443446,13985,2246960,3636027,20208437,37436798,10011030,3434981,382328,22587322,144046482,6497804,166365,22390,13483349,6710885,7931913,68325,3842917,2749727,1959550,6908579,34877834,41808708,4819667,38590808,392372,8411791,6503528,19761790,4798281,23324270,51542094,3439370,97078,1216370,3336773,9986,8496,1468697,15486807,56721909,237512783,3041205,17860872,11465444,8983044
1985,10512221,3171725,22132905,39663,43809,65048,30287112,3300896,64478,15785682,7562114,6891140,245935,434375,257911,10133211,9880534,163436,4419552,55611,1138704,136783180,13202,8917076,7979185,4948024,25843922,21313,2553075,4967590,12326396,1060239979,29326260,375650,2771463,4803325,10149044,156639,731664,30800051,5119452,71596,6417798,9254311,378379,1899243,1525782,40285965,45575,727461,4902175,55108106,187578,856482,855958,77638808,28674,9840141,53220,100576,124675,7932185,5531661,772671,6245539,5411680,10542754,241577,47266160,15753856,3505769,64376,4182681,56636465,2292030,121119031,2751492,15413315,1888975,2655104,3226750,2239724,3684313,26785,3672852,366466,287700,10297746,7625078,15108135,190383,8187651,8187651,349118,38962,1025769,74872006,28807,604622,12680065,1093311,8313,17540571,14515704,159702,3268356,7187618,19325487,2001504,32041,4152637,1353289,13644,2197065,3535498,19746610,37179160,9996896,3406279,365868,22525363,142896392,6266752,166517,22241,12890245,6520705,7912069,67833,3749419,2685994,1952518,6630637,33752964,41232709,4706975,38471920,387171,8389913,6469824,19511876,4660598,22569625,50594940,3336508,97055,1199785,3246887,9577,8329,1379536,15038915,56643045,235146182,3024218,17402304,11036918,8690515
1984,10243686,3131726,21393530,38168,42181,65362,29832197,3272102,64174,15579476,7558563,6777225,241166,419217,257279,10069349,9873600,159721,4293070,55197,1099170,133888775,12753,8939490,7751476,4842268,25602075,20433,2523538,4920556,12147758,1044172197,28689032,365664,2696200,4776362,10065539,156806,719678,29879852,5121314,71936,6282104,9022979,357995,1849594,1516124,39202890,45135,710561,4881748,54845980,183146,833417,824798,77568572,28788,9740382,52638,99618,121885,7718971,5402084,776007,6119932,5333571,10580906,239677,45628402,15377032,3490931,64500,4077001,56620238,2264095,120470727,2629939,15147590,1813986,2640608,3163558,2174194,3564547,26420,3643837,365779,276591,10015017,7339002,14686454,184388,8030099,8030099,346086,37437,1011941,73489654,28407,601821,12426223,1061995,8125,17141610,14441927,156755,3250340,6973849,19045154,1988682,28735,4140235,1273306,13299,2147577,3437892,19285646,36876560,9974819,3374447,348241,22465037,141892552,6056729,166779,22096,12310361,6341801,7889236,67346,3666262,2624370,1945141,6369020,32768207,40664361,4603039,38329925,382617,8371290,6441449,19249250,4529501,21857176,49636724,3232244,97022,1184747,3162165,9166,8197,1308331,14617944,56568253,232766280,3008255,16953234,10625687,8398567
1983,9951449,3087911,20682111,36735,40432,65408,29377137,3238291,63683,15383076,7559110,6669007,236586,404772,256505,10004049,9866532,156053,4171526,54765,1060717,130977370,12315,8956433,7531184,4726506,25360726,19572,2495097,4859173,11976513,1029226907,28042329,356137,2622532,4751890,9984591,156960,707477,29005175,5124332,72269,6147213,8795873,336744,1799814,1505714,38235187,44669,693593,4855733,54592379,179042,811098,795563,77566064,28855,9636353,51984,98177,119067,7512048,5282274,778372,5997739,5252127,10620934,237131,44027986,14903737,3472903,64598,3979093,56607516,2232782,119793752,2514785,14885966,1736028,2623151,3106990,2109151,3423592,26055,3612640,365440,266253,9740088,7058317,14292862,179339,7863944,7863944,342886,35975,998000,72080310,27985,599330,12163328,1033085,7832,16740664,14369647,154101,3219827,6766606,18771363,1974441,25594,4128572,1204626,12973,2098499,3343276,18826906,36536141,9943821,3339381,330454,22403762,140854123,5859396,166944,21973,11746020,6171874,7866039,66859,3585773,2564773,1937234,6142513,31865176,40053748,4502541,38169760,379409,8355107,6418413,18976104,4401502,21170717,48670565,3126635,96981,1171273,3082202,8758,8099,1237572,14228932,56501612,230389964,2993285,16509596,10237391,8106356
1982,10088289,3041179,20000096,35367,38598,65231,28922762,3202011,63116,15168445,7571289,6567522,232177,391017,255642,9938931,9857343,152409,4054385,54338,1023009,128065095,11889,8970485,7321817,4602271,25101518,18729,2467635,4622828,11807408,1013483166,27405194,347053,2550780,4728725,9908874,157048,696227,28219219,5126398,72626,6014979,8572607,315741,1751045,1495374,37213393,44164,676967,4826861,54319646,174343,789585,768272,77610430,28863,9528815,51341,96534,116189,7332790,5170731,779639,5877684,5166905,10655624,233995,42500030,14467682,3451212,64654,3892839,56585843,2199606,119098142,2406349,14634179,1652921,2604945,3070133,2047602,3265457,25689,3580825,365020,256692,9470990,6784347,13921029,174523,7696349,7696349,339668,34569,984176,70656783,27573,596968,11901827,1005520,7672,16347124,14296533,151967,3185721,6564445,18502087,1958275,22647,4114931,1138301,12666,2050247,3251678,18374372,36188644,9904424,3301071,312608,22331065,139848005,5652900,166885,21804,11201154,6008392,7841800,66435,3509197,2507219,1927956,5951805,31022417,39403422,4398297,37982149,377288,8340723,6390952,18692874,4278908,20499922,47700340,3023343,96931,1157140,3005972,8355,7993,1167856,13880052,56450133,228001418,2979182,16071654,9872292,7803855
1981,11155195,2992389,19351357,34059,36987,65076,28471285,3167876,62614,14930052,7566316,6472524,227956,377430,254684,9877121,9843592,148764,3941569,53907,982747,125168060,11472,8978412,7123730,4490743,24815786,17904,2441010,4409225,11637613,997259502,26785982,337986,2481334,4703980,9848560,157024,687170,27457783,5126981,72932,5885244,8352602,296950,1703789,1485768,35818844,43613,660630,4799865,54016749,168892,768904,742846,77684489,28819,9418994,50719,95222,113221,7165502,5067427,779686,5760197,5077742,10680620,230882,40476251,14067260,3424827,64558,3816745,56532910,2166657,118385723,2306655,14397391,1573026,2588051,3027222,1989690,3112015,25346,3550539,364473,248695,9207310,6519891,13564594,169663,7532864,7532864,336617,33219,969807,69233769,27284,594062,11640015,987394,7691,15969792,14217318,150228,3160622,6366262,18235202,1935200,19902,4099855,1075624,12386,2003092,3163299,17932344,35851094,9856752,3259445,294887,22237470,139002880,5441966,166190,21596,10678211,5852029,7814389,65930,3437108,2451722,1916320,5934938,30232561,38731905,4293866,37758649,375859,8326687,6353698,18400556,4160745,19890930,46727292,2925865,96846,1142695,2932934,7957,7874,1100180,13563558,56395846,225654008,2966076,15638426,9529105,7506526
1980,12486631,2941651,18739378,32886,35611,64889,28024803,3135123,62267,14706322,7547561,6383060,223752,362595,253575,9817257,9828986,145133,3833939,53565,938578,122288383,11109,8980606,6932967,4312834,24511510,17100,2415276,4408230,11469828,982372466,26176195,328328,2414303,4680144,9809107,156851,679327,26708686,5125392,72978,5755800,8135845,282509,1657982,1476983,34945469,43054,644582,4779418,53713830,163591,749078,718586,77786703,28734,9307148,50106,94838,110286,6987767,4972609,778176,5646676,4978544,10698679,228263,38520664,13653369,3391387,64022,3744608,56329482,2135546,117624196,2216903,14172710,1493870,2572037,2963702,1932169,2962720,25003,3521206,363741,245332,8948162,6267369,13215707,164887,7372581,7372581,333587,31988,954865,67705186,27076,589324,11413587,975994,7635,15600442,14130387,148599,3147168,6173177,17973650,1907023,17613,4085776,1017462,12252,1956987,3078912,17492406,35521429,9785252,3214568,277450,22125224,138257420,5247532,164905,21346,10171710,5703869,7777010,65290,3367477,2400729,1901570,5892224,29463549,38170501,4192012,37491666,375112,8311763,6319113,18100281,4045965,19297659,45737753,2838110,96708,1127852,2862903,7598,7731,1014048,13284026,56326328,223140018,2953750,15210443,9204938,7049926
1979,12986369,2888763,18166981,32045,34142,64609,27584134,3097058,62006,14520527,7547481,6297208,219426,346697,252334,9756248,9814137,141823,3732394,53456,893500,119447303,10876,8974427,6749939,4137437,24219124,16378,2390329,4402942,11304331,968298969,25579323,318123,2349258,4657517,9774711,156572,671611,25902760,5119418,72768,5625864,7922490,273925,1613829,1468656,34758823,42506,628859,4764568,53428781,158563,730188,695155,77915727,28618,9194178,49761,95242,107790,6814717,4885199,774482,5536423,4872752,10692715,225853,37205013,13233830,3351898,63172,3675789,56070678,2106937,116765509,2138078,13957795,1412266,2556222,2902164,1875566,2816917,24616,3491432,362932,245605,8692289,6029140,12875011,160326,7218079,7218079,330471,30902,940034,65972912,26834,583337,11127844,957334,7586,15238564,14040287,146947,3142539,5987151,17719172,1879354,16494,4072653,963351,12300,1911814,2999415,17059185,35188357,9686178,3166208,260368,21993493,137510309,5074374,163489,21087,9682002,5564474,7726497,64662,3300032,2358229,1884595,5408813,28697014,37737918,4092792,37188965,377362,8296033,6294186,17793465,3932682,18698636,44760091,2761240,96506,1112310,2794392,7332,7552,908452,13011511,56265154,220463115,2940729,14788523,8899922,6655833
1978,12938862,2833314,17632645,31428,32574,64329,27146121,3038224,61738,14355814,7560249,6208636,215016,330912,251009,9693316,9800206,138933,3636927,53462,849394,116664382,10727,8958267,6577779,4039410,23962690,15746,2365957,4313479,11137748,955138943,25003608,307938,2286210,4635773,9729986,156255,663975,25015244,5108930,72478,5495443,7712718,270866,1571193,1458851,34259065,41965,613611,4752400,53175309,153745,712135,672974,78071549,28485,9084308,49734,95811,105710,6648770,4804926,768609,5428667,4768798,10664862,223641,35993661,12819707,3305571,62333,3608733,55877016,2080485,115809525,2069104,13750291,1329074,2540588,3183405,1820861,2676117,24205,3460849,361069,246048,8440919,5808810,12543892,156025,7072938,7072938,327466,29892,925835,64123997,26553,577409,10741128,942023,7541,14888770,13949408,145262,3143300,5810351,17472094,1851978,16194,4058807,912750,12387,1867313,2924370,16638480,34870698,9578255,3117169,243624,21844026,136659133,4921953,161988,20795,9210564,5433225,7669225,63978,3235170,2323251,1867379,4777703,27943445,37329984,3995911,36865443,381885,8281299,6281526,17482884,3818114,18080005,43806715,2693400,96227,1096569,2726327,7110,7297,805231,12701999,56240768,217881437,2925840,14372959,8615301,6549349
1977,12687301,2774795,17134192,30816,30949,64117,26713780,2965523,61465,14193365,7566358,6115755,210534,315337,249663,9628875,9786373,136183,3546454,53434,806968,113939886,10578,8935452,6416569,3927428,23715308,15116,2342048,4238551,10969861,942581333,24443926,298152,2225630,4615729,9672546,155915,656414,24256464,5094599,72142,5365074,7506665,271377,1529802,1447120,33695018,41481,599289,4738739,52925442,149007,694931,651934,78221272,28337,8983236,49739,96329,103676,6487153,4730375,761378,5323827,4664903,10627916,221887,34876497,12400190,3254662,61506,3541374,55649667,2054927,114761516,2005418,13543521,1247225,2524834,3457617,1768092,2541805,23803,3430115,358267,246405,8195142,5611712,12218924,151792,6935336,6935336,324648,28912,912574,62262505,26242,571406,10363575,926109,7441,14550430,13855566,143370,3141174,5644703,17231389,1825299,15901,4043361,866124,12463,1823146,2852430,16224613,34561582,9458997,3068870,227177,21678700,135712068,4783252,160362,20482,8755219,5308297,7607996,63166,3172195,2292166,1850369,4449505,27199838,36911298,3901044,36513082,385810,8265242,6280837,17171482,3703010,17454627,42843802,2630626,95847,1081693,2659019,6885,6984,706861,12369253,56244840,215437405,2909327,13965250,8348182,6453044
1976,12425267,2713560,16500516,30198,29294,63990,26290257,2896311,61193,14038072,7563511,6021448,206096,300044,248359,9564377,9773537,133471,3460329,53373,766424,111286504,10428,8902474,6269765,3830889,23442114,14456,2318349,4163051,10804869,929375924,23913002,288810,2167544,4597191,9600862,155550,648868,23655016,5078773,71748,5235318,7304349,276000,1489656,1435355,33062216,41054,586607,4725518,52685266,144356,678660,631894,78364216,28162,8890428,49569,96781,101590,6342726,4658743,753553,5222342,4558873,10578508,220244,33841060,11999342,3205753,60701,3468120,55388902,2029486,113624865,1945141,13346173,1168791,2508850,3070419,1718482,2413760,23416,3399021,355889,246661,7955197,5438226,11910081,147468,6807648,6807648,322010,27964,900166,60452543,25898,565337,10019210,901840,7306,14230738,13760112,140673,3127812,5488658,16987170,1799332,15595,4026314,824081,12539,1779037,2782624,15826813,34229706,9330201,3020456,210990,21449635,134764462,4648207,158136,20160,8319556,5181195,7544260,62181,3112863,2261936,1833543,4333779,26480300,36456320,3808615,36139064,389231,8246995,6302074,16860821,3590606,16838919,41882128,2569671,94921,1067696,2592280,6668,6677,614177,12045227,56263232,213270022,2891094,13566112,8094985,6288387
1975,12157386,2650122,15724692,29573,27640,64035,25875558,2830798,60715,13886854,7576926,5925012,201881,285116,247090,9500738,9763430,130801,3378703,53256,727930,108700515,10282,8860971,6138444,3749232,23136252,13791,2283927,4084110,10639531,915124661,23403731,280036,2111850,4579428,9514305,155151,644982,23052715,5058203,71300,5106453,7105786,283262,1450867,1424044,32252783,40626,575804,4711368,52450030,139833,663340,612909,78513511,27973,8805415,49151,97165,99478,6201734,4588006,745590,5124560,4451220,10520237,218070,32856976,11617622,3157919,59949,3388086,55093989,2003094,112411640,1886636,13158942,1095998,2492528,2691586,1671632,2291841,23030,3368287,353666,246919,7720859,5280965,11617947,143126,6687293,6687293,319619,27047,888292,58691882,25524,559279,9703732,876572,7199,13925541,13663969,136601,3095428,5339497,16723252,1774013,15269,4007466,787194,12607,1734876,2714664,15441497,33899770,9202709,2972267,195043,21167265,133841842,4515756,155263,19803,7897544,5047922,7479833,60943,3055916,2232425,1817044,4228289,25777964,35930694,3718279,35760431,392137,8224408,6338267,16551774,3482125,16243826,40908471,2509713,93477,1054017,2525760,6451,6381,543394,11730959,56266842,211274535,2871947,13176387,7855657,6097083
1974,11869879,2585452,15153602,29012,26003,64218,25449754,2767646,60028,13713388,7597030,5826984,197767,270627,245851,9435592,9749065,128620,3301276,53102,691569,106167372,10146,8810675,6018141,3660032,22812432,13118,2239305,4000559,10472743,899367640,22897871,271719,2058235,4561861,9413105,154689,648585,22448415,5033573,70822,4978582,6911123,290558,1413220,1412117,31488613,40189,566296,4690576,52163552,135349,648922,594904,78620534,27779,8729701,48607,97528,97329,6048168,4517073,737701,5030652,4342773,10457947,215281,31895534,11243146,3110099,59179,3303720,54750683,1974880,111100023,1827584,12972497,1030426,2475079,2632880,1626283,2179446,22638,3337697,351387,247280,7491935,5134199,11335187,138944,6569273,6569273,317609,26174,876740,56945880,25262,553228,9404221,850091,7096,13626301,13560532,131481,3042812,5196579,16437002,1749329,14905,3985380,754676,12662,1690676,2648082,15057175,33578683,9079603,2924358,179299,20889661,132970443,4386369,152240,19439,7483506,4911421,7416613,59621,2998843,2202329,1800974,4125823,25077016,35319338,3629608,35329897,394519,8193154,6341217,16243905,3377758,15671316,39900961,2450335,92007,1040291,2459325,6249,6100,491955,11428676,56233776,209277968,2853588,12796220,7630190,5903530
1973,11575305,2520436,14786469,28529,24393,64463,25020588,2706852,59365,13513318,7584023,5729065,193563,256632,244643,9369574,9727980,126875,3227380,52925,657246,103666904,10018,8753489,5907742,3571450,22502029,12443,2195905,3912905,10307842,881652080,22396318,263728,2006247,4544133,9297924,154096,650705,21853906,5008581,70334,4851183,6720443,298050,1376516,1399849,30694316,39746,557244,4666166,51814075,130883,635288,577488,78667466,27558,8666390,47965,97886,95100,5895101,4445207,729865,4940710,4234754,10410508,212374,30981898,10872139,3062023,58325,3214274,54379582,1945320,109679470,1767414,12789985,970527,2457032,2569841,1582697,2084256,22251,3307075,349186,247838,7268560,4996239,11062664,134940,6455257,6455257,316193,25522,865368,55228203,25102,547215,9123668,824918,6990,13335963,13447570,126118,2980638,5059382,16128122,1725228,14094,3960709,728597,12541,1646580,2583160,14674785,33270009,8957960,2876681,163734,20628252,132191634,4259484,149587,19010,7088758,4772039,7355433,58359,2942333,2168363,1785222,4022336,24382513,34659713,3542465,34898147,396331,8156939,6307361,15933845,3277487,15123504,38873060,2390909,90611,1026563,2393323,6068,5934,441546,11146099,56166630,207314764,2836825,12424804,7417736,5712712
1972,11286753,2455171,14439748,28063,22832,64695,24612794,2648048,58855,13300308,7542077,5630344,189181,243143,243458,9303940,9700298,125054,3156408,52743,626601,101194394,9907,8700153,5805283,3579195,22222221,11778,2153613,3824399,10145765,862840403,21898055,256187,1955547,4526426,9169289,153235,647620,21273409,4981078,69870,4724801,6533630,305362,1340838,1387623,29891328,39304,547918,4639831,51410363,126457,622289,560553,78643556,27323,8616667,47246,98225,92815,5744605,4372212,721994,4853117,4128333,10376617,209191,30111574,10507315,3013998,57419,3120950,53995422,1915299,108220404,1704787,12611997,913785,2438485,2505965,1540995,2012796,21873,3276294,346079,248669,7051090,4865978,10801619,130990,6347158,6347158,315373,25084,854036,53543436,24889,541265,8860585,800610,6883,13052220,13324176,120866,2920878,4926318,15768363,1701498,12730,3933047,708045,12172,1602646,2521508,14292437,32979398,8833266,2829184,148338,20382169,131456435,4135579,147332,18575,6724260,4633452,7296102,57052,2886642,2131565,1769709,3918220,23698507,33976851,3464715,34515170,397529,8117716,6261153,15617414,3180461,14595699,37834384,2330704,89275,1013031,2328374,5896,5891,392368,10885563,56057315,205238390,2821086,12061621,7215835,5532842
1971,11015857,2389812,14110271,27593,21322,64769,24223379,2590923,58816,12993834,7498541,5529211,184435,230992,242350,9236766,9666395,123091,3088381,52539,604139,98766288,9813,8646260,5707793,3582070,21888679,11117,2111224,3742534,9984378,843285424,21405413,249066,1905486,4509275,9025709,151966,644413,20712952,4951486,69430,4599841,6350944,311952,1306234,1374794,29099594,38861,538000,4612424,50970698,122108,609693,544317,78511398,27069,8576109,46479,98535,90505,5598298,4298087,713904,4766423,4028605,10345364,206171,29273682,10154928,2969397,56431,3018583,53636099,1886143,106789355,1636320,12444338,858734,2418298,2442137,1501658,1958320,21517,3243675,341971,249832,6840457,4742480,10552557,127066,6247878,6247878,315099,24680,842412,51897675,24610,535486,8622890,776995,6778,12774870,13186712,115793,2868885,4797068,15381626,1679012,11279,3902910,688803,11740,1559072,2463777,13911968,32710744,8700519,2782018,133096,20145244,130719659,4015403,145064,18212,6396658,4498616,7242803,55694,2832392,2095900,1754881,3818389,23031441,33288369,3396808,34133622,392026,8073819,6213708,15292065,3085961,14092218,36807997,2267211,87904,1000130,2264434,5742,5854,344513,10616338,55875903,202907917,2805492,11705674,7024196,5363423
1970,10752971,2324731,13795915,27075,19860,64517,23842803,2534377,59106,12595034,7465301,5425317,179129,222555,241397,9170786,9629376,120905,3023443,52019,592244,96369875,9581,8582950,5611666,3497834,21434577,10533,2067356,3667394,9820481,822534450,20905254,242351,1855697,4492638,8869636,150385,640804,20151733,4922963,68895,4475871,6172215,316955,1272748,1361999,28308246,38416,527634,4606621,50523586,117891,597192,528731,78294583,26685,8544873,45434,98794,88300,5453208,4222374,705261,4680812,3955072,10315366,204468,28449705,9811347,2937637,55298,2907307,53324036,1859091,105416839,1557374,12265305,802786,2397414,2381791,1463563,1909177,21089,3210147,339342,247284,6639751,4625141,10306508,123243,6153587,6153587,315414,23969,830115,50289306,24270,530268,8411676,754467,6663,12501285,13037686,110982,2824061,4669708,14996879,1656783,10143,3875546,670693,11366,1516188,2408787,13562371,32482943,8683631,2737619,118007,19922618,130093010,3896367,142771,18169,6106191,4367744,7193533,54379,2778557,2061831,1741286,3720977,22368306,32601143,3342410,33792617,379918,8027702,6181227,14957870,2993019,13618192,35791728,2197383,86484,988890,2201432,5665,5814,298084,10317212,55650166,200328340,2790265,11355475,6843607,5202918
1969,10494489,2259799,13491016,26396,18449,63742,23472028,2476359,59330,12268349,7439324,5318380,172745,216696,240594,9108451,9592100,118145,2961166,51136,586737,94000381,9117,8512919,5515747,3424429,21033940,10181,2021519,3595152,9656299,801430976,20392264,236002,1805968,4474891,8709654,148667,636821,19583123,4896157,68007,4352954,5997037,318846,1240562,1348704,27530388,38011,516952,4624397,50087049,113803,584628,513686,78012485,26162,8526138,44106,98975,86534,5308294,4145194,695919,4596642,3898387,10281121,203337,27643685,9476737,2917184,54099,2795472,53001503,1834615,104102077,1466428,12042478,743044,2376682,2323823,1425879,1862823,20558,3177836,338279,240416,6450324,4512861,10061684,119569,6061764,6061764,316457,22623,817197,48714394,23875,525261,8217930,732881,6508,12231874,12881249,106691,2786352,4542993,14605481,1633502,9952,3847521,653593,11159,1473965,2355122,13213739,32262057,8768151,2701800,104517,19711721,129489455,3777879,140457,18403,5844843,4240859,7140604,53098,2724901,2027411,1728167,3625274,21704214,31912015,3301892,33480512,367618,7983535,6136799,14617237,2899854,13167782,34787583,2120486,84997,978642,2139557,5663,5779,253261,10006526,55420519,197859329,2773957,11011335,6673981,5044163
1968,10247780,2195466,13190975,25608,17079,62658,23112971,2416461,59471,12027262,7413808,5207417,165456,210801,239905,9047801,9556254,114825,2901218,50148,582655,91659246,8649,8438288,5422119,3352397,20731929,9981,1975257,3526770,9491502,780371956,19872503,229971,1756333,4454141,8550286,146851,632452,19022799,4867734,66865,4230877,5825663,315325,1209602,1334226,26778653,37630,505979,4627785,49647279,109832,573611,499151,77646126,25610,8518837,42748,99056,85046,5164908,4067333,685887,4514006,3834043,10244338,201471,26875302,9156132,2899643,52910,2684849,52661070,1812209,102819279,1366644,11777849,681117,2355479,2262291,1389453,1819393,20011,3146348,337046,232929,6270528,4403430,9821308,116049,5973762,5973762,318055,21001,803759,47170337,23481,519966,8035529,712427,6288,11970411,12727200,103162,2756419,4417954,14216305,1610537,10440,3816298,637379,11079,1432255,2301887,12843249,32016870,8821528,2670526,93022,19515298,128822373,3662010,138154,18291,5604582,4117659,7084574,51808,2672370,1990676,1714458,3532420,21050540,31229630,3261725,33157581,355468,7937776,6068204,14271112,2806566,12739965,33807357,2038765,83430,967699,2078581,5668,5729,213582,9696370,55169244,195743427,2754417,10672654,6515904,4886347
1967,10010030,2132443,12897115,24848,15745,61617,22757014,2355997,59522,11809110,7375630,5091822,158197,204916,239238,8985772,9515229,111411,2843739,49142,578723,89323288,8337,8369836,5330613,3274493,20408050,9771,1930861,3461664,9326268,761006260,19343961,224321,1706062,4429801,8390962,144957,627695,18472105,4834730,65760,4108916,5658446,308374,1179554,1319741,26051596,37234,494632,4607108,49181410,105995,564436,485132,77173553,25047,8518067,41369,98977,83480,5022615,3990760,675064,4432716,3762177,10206826,198726,26133341,8848502,2882745,51731,2575793,52294442,1790580,101527852,1265680,11491228,621242,2333504,2203202,1354287,1778578,19467,3115198,335560,225151,6099529,4295762,9582086,112547,5888497,5888497,320151,19665,789577,45656963,23281,514503,7859471,693063,6114,11715579,12576967,100200,2725198,4294283,13821409,1588649,10720,3784342,622042,10992,1391072,2248882,12481626,31765963,8856641,2636741,82517,19348536,128111727,3549461,135752,17907,5381026,3997869,7026782,50523,2620396,1950283,1699820,3441799,20410677,30540596,3221957,32814224,343620,7882644,5992334,13917831,2714959,12346286,32839341,1957164,81725,955681,2018024,5662,5657,191404,9393432,54876365,193782438,2731847,10338848,6368014,4734694
1966,9783147,2070689,12613389,24122,14546,60615,22403116,2295496,59291,11592675,7320913,4969078,151323,199019,238494,8921796,9466115,108062,2788642,48133,574855,86979283,8139,8308899,5242797,3193378,20055232,9566,1888853,3398664,9161649,742948541,18811407,219369,1654619,4401775,8230450,143014,622566,17941738,4796403,64728,3987090,5495761,301517,1150264,1305808,25377645,36825,482358,4581787,48683086,102281,555748,471753,76618716,24477,8520630,39945,98692,81879,4882542,3916780,663241,4352949,3684665,10170085,195530,25398700,8553883,2867003,50718,2467863,51882571,1768803,100466907,1172770,11197568,565463,2310940,2145646,1320315,1739831,18957,3084148,333130,217232,5936461,4190764,9340240,108713,5806572,5806572,322983,18794,774462,44180437,23198,508895,7689643,674818,6021,11470199,12426787,97453,2684356,4172501,13444048,1567707,10577,3753077,607538,10813,1350462,2195955,12127990,31504832,8881847,2601197,73102,19221483,127293948,3444021,132976,17588,5173237,3881994,6966318,49284,2569736,1906846,1684505,3353665,19789771,29838219,3185305,32462268,332142,7819971,5918581,13515900,2625653,11981932,31883754,1882458,79794,942599,1957557,5652,5591,182509,9104743,54560502,191830975,2707030,10010685,6228430,4588529
1965,9565147,2009789,12381256,23391,13563,59644,22053661,2234051,58782,11359442,7269888,4837811,144849,193012,237694,8854528,9412087,104838,2735843,47074,570975,84623747,8018,8245072,5157929,3118134,19688805,9366,1849171,3336338,8994936,723846349,18275814,214939,1602736,4371381,8067651,141049,617345,17438254,4756337,63744,3868712,5337351,295010,1121739,1292004,24727506,36346,469010,4564583,48168804,98674,547535,458908,76037469,23910,8526254,38539,98226,80255,4744461,3845074,650207,4274348,3602029,10140853,192309,24667026,8270544,2852401,50057,2361088,51452854,1746977,99468746,1093474,10897644,513840,2287805,2087445,1287315,1700072,18500,3052979,329794,209278,5780453,4089097,9091016,104566,5726382,5726382,326401,18154,758628,42737991,23022,503188,7524154,657887,5804,11232951,12275791,94803,2638316,4053524,13105946,1547982,10229,3723510,593808,10563,1310556,2143153,11781581,31224081,8899092,2564270,64843,19117072,126400607,3348631,129789,17273,4978922,3770874,6902989,48123,2520576,1860651,1669453,3267593,19187194,29179407,3143622,32112015,321069,7755752,5857047,13070708,2538295,11630603,30940270,1820396,77686,928462,1897095,5650,5548,173797,8829056,54229565,189703283,2680427,9688138,6097298,4447149
1964,9355514,1949013,12179099,22656,12690,58664,21708487,2171029,58178,11131609,7222900,4699755,138785,186587,236834,8779744,9350467,101772,2685619,45996,562274,82262794,7949,8177721,5076111,3033221,19326326,9172,1811694,3273419,8825046,704593772,17739754,210665,1550661,4341043,7902286,139078,612338,16965855,4718016,62843,3752313,5183283,288852,1094042,1277334,24073696,35841,455214,4549553,47641952,95192,539830,446375,75423245,23347,8534890,37208,97613,78621,4608498,3775510,635957,4196349,3514763,10114174,189095,23948624,7997655,2837436,49597,2257903,50997776,1725181,98319344,1029447,10590934,465748,2262860,2030440,1255197,1652102,18058,3020457,326363,201380,5630024,3990361,8835925,101241,5647380,5647380,329757,17537,742480,41333878,22766,497437,7363639,642054,5484,11002819,12117829,92231,2590648,3937008,12787523,1529507,9890,3694673,580824,10318,1271461,2090840,11442301,30927873,8905558,2526147,57531,19010052,125394235,3263640,126582,16926,4795130,3664599,6840006,47023,2472686,1812329,1655107,3183590,18603097,28555856,3088701,31747643,310288,7691823,5789744,12630946,2452671,11289556,30013573,1772652,75544,913399,1836621,5642,5525,165305,8564755,53861500,187277378,2652376,9371333,5973803,4310332
1963,9157465,1888302,11969451,21949,11839,57778,21364017,2106142,57475,10917375,7174868,4556648,132639,179891,235875,8694986,9288221,98862,2638082,44950,549041,79915555,7919,8108153,4998671,2948133,18971005,8985,1776214,3210296,8656006,683903557,17210956,206546,1498647,4311042,7736352,137087,607072,16517995,4680812,62031,3635798,5034334,283018,1067295,1262540,23448979,35385,441385,4524297,47121247,91963,532592,434173,74796217,22796,8541792,35920,96882,76996,4475716,3707945,620703,4122260,3424353,10083327,185766,23259094,7735824,2824089,49131,2160420,50555128,1703868,97246712,978607,10277790,420494,2236419,1971511,1224169,1594758,17625,2986530,323006,193618,5484252,3893628,8579350,98775,5570462,5570462,332894,16947,726250,39982118,22442,491567,7209807,627358,5198,10782717,11958415,89624,2540026,3822697,12475236,1511854,9561,3666800,568603,10076,1233267,2039390,11112665,30608319,8907702,2486863,50950,18895142,124227725,3191311,123416,16583,4621655,3562469,6776514,45964,2426750,1762516,1641161,3102170,18042215,27905873,3036238,31388554,299332,7632931,5694676,12200148,2368868,10960161,29114124,1736697,73441,897658,1776387,5634,5503,157006,8311013,53508514,184649873,2622936,9059953,5860197,4177931
1962,8969047,1828232,11778260,21272,11014,57008,21020359,2039346,56682,10711941,7128967,4412316,126305,173359,234829,8599859,9230329,96188,2593302,43926,536428,77599218,7902,8040772,4924497,2887398,18622345,8799,1742502,3148242,8486120,664614650,16691282,202527,1447037,4280073,7574265,135095,601095,16086084,4645994,61224,3521164,4890425,277490,1041552,1248160,22852158,34963,427695,4492172,46635189,89208,525754,422310,74194417,22249,8540805,34670,96052,75412,4346322,3642324,604833,4049504,3331188,10057458,182415,22605050,7481832,2813067,48669,2069091,50162245,1683761,96267883,934615,9959414,378190,2210147,1911959,1194085,1535157,17221,2952461,319852,186039,5343117,3799155,8324218,96332,5494845,5494845,335452,16387,709822,38683283,22106,485542,7060376,613808,4950,10570716,11803458,86877,2486311,3711068,12180505,1497338,9252,3639133,557139,9851,1196289,1989376,10792094,30271919,8905437,2446291,45123,18770327,122914605,3122124,120163,16242,4458516,3463524,6711537,44969,2382914,1711053,1627384,3022827,17503133,27234470,2992270,31052630,288291,7582635,5574217,11779051,2287181,10644622,28242174,1706841,71388,881519,1716868,5633,5471,148877,8068828,53183630,181917809,2592441,8754082,5753386,4049778
1961,8790140,1769079,11598608,20626,10216,56245,20680653,1971530,55811,10505938,7085435,4269886,120216,166970,233698,8495746,9168469,93757,2551216,42889,524403,75330008,7885,7969342,4852833,2815972,18273684,8626,1710364,3087657,8313535,655260380,16182414,198617,1396138,4247852,7418518,133112,594771,15673284,4613434,60395,3408415,4751507,272264,1016932,1233243,22281675,34572,414534,4461529,46143030,86921,519329,410801,73604346,21907,8526469,33435,95096,73873,4220367,3578631,588597,3974934,3231758,10025847,179022,21983622,7260714,2807005,48422,1983319,49812730,1663754,95355458,891848,9639302,339697,2182711,1853295,1165005,1478760,16834,2915626,316587,178672,5206239,3708193,8074805,93952,5420247,5420247,337120,15867,693243,37439317,21907,479331,6917521,601424,4753,10365144,11647367,84029,2431617,3602530,11916515,1481112,8965,3609995,546443,9639,1160832,1941208,10478096,29913232,8896915,2404223,40111,18622911,121408978,3046654,116820,15895,4306048,3367082,6643717,44041,2341065,1657549,1613624,2945662,16989464,26552225,2948953,30711863,277969,7536310,5434676,11371850,2208026,10337891,27399963,1678788,69391,865028,1658569,5625,5436,140984,7838440,52861251,179087278,2561153,8453106,5646668,3925952
1960,8622466,1711189,11394307,20085,9443,55342,20349744,1904148,54608,10286647,7046553,4131484,114500,160691,232550,8389183,9108724,91403,2512284,42026,512865,73092515,7850,7891756,4783259,2746628,17909356,8473,1679728,3028688,8141820,654170692,15687688,194852,1346302,4215324,7267395,131274,585725,15276558,4581727,59379,3298021,4618158,267351,993568,1218064,21739710,34154,401841,4430173,45659575,84851,513340,399649,73063695,21822,8495415,32124,93772,72374,4098352,3516814,571990,3901139,3114671,9982610,175566,21388806,7084678,2811067,48793,1902247,49517707,1642331,94464839,847936,9319283,305415,2154251,1798092,1137026,1426986,16472,2875684,314168,177014,5073342,3621081,7833782,91650,5346792,5346792,337628,15374,676683,36268055,21797,473046,6788375,590181,4582,10167941,11493117,81236,2381189,3497431,11655666,1462368,8702,3581520,536553,9446,1126989,1894829,10172207,29509903,8882469,2365072,36385,18458008,119735095,2966162,113335,15556,4165563,3273177,6579989,43167,2301310,1601079,1599571,2870732,16520441,25817529,2907724,30415591,268396,7492895,5328273,10983147,2131992,10042458,26596584,1651367,67428,847063,1602052,5604,5404,133426,7617746,52543017,176188578,2529021,8156937,5542459,3806310
1959,8468211,1655020,11164443,19883,8700,54299,20024524,1838234,53044,10065683,7013596,3999395,109233,154685,231404,8288638,9049391,89061,2476498,41398,501837,70880820,7765,7820753,4715489,2693642,17524906,8374,1650466,2971246,7973548,652179194,15211087,191246,1298054,4183291,7119349,128510,574158,14903607,4551440,57821,3190231,4490253,262724,971439,1207082,21227211,33685,389315,4395235,45201849,82837,507784,388866,72578945,21788,8447073,30768,91679,70945,3981253,3456953,554196,3827747,2985050,9936018,172000,20821847,6929323,2823465,49553,1825847,49224675,1622047,93575985,802351,9003391,274514,2127085,1746544,1110215,1379408,16151,2836501,312505,181120,4944333,3537432,7602942,89459,5275377,5275377,336970,14905,659729,35179431,21628,466729,6675660,580030,4414,9980681,11341765,78575,2335010,3395947,11391376,1445685,8463,3553260,527029,9264,1094741,1850143,9879206,29068120,8849589,2343690,33973,18282518,118076840,2880595,109811,15226,4036568,3182056,6530871,42344,2264044,1538021,1584908,2798191,16096455,25036097,2868501,30150510,259255,7449323,5263258,10612773,2058891,9760165,25840323,1624127,65498,827138,1547947,5535,5369,126278,7401282,52241647,173324608,2496166,7865124,5443654,3690640
1958,8333826,1600983,10933784,19918,7994,53263,19695352,1774816,51404,9853146,6986787,3874677,104409,149077,230350,8194565,8987674,86746,2443407,40798,491313,68735926,7663,7749341,4651801,2643153,17113389,8328,1622618,2915287,7806572,643791581,14760798,187640,1251605,4151529,6974868,124758,563154,14569211,4521329,55972,3085349,4367090,258320,950588,1199866,20816567,33204,377075,4360274,44754358,80879,502647,378454,72136470,21756,8385149,29488,89159,69587,3870646,3398839,535510,3754874,2855692,9879818,168472,20295117,6796490,2838758,50271,1754788,48930469,1603775,92671295,755904,8698748,245827,2101583,1697139,1084947,1335660,15834,2799003,310585,185291,4819229,3457376,7385689,87387,5208910,5208910,335351,14536,642896,34180095,21383,460314,6580333,570845,4258,9805019,11191752,76049,2286559,3297840,11106854,1428602,8227,3523479,517707,9051,1064034,1807018,9602507,28583989,8799094,2336795,32246,18089945,116373652,2793070,106345,14898,3916797,3093941,6487264,41608,2230000,1469690,1569730,2729160,15700877,24256851,2831370,29857437,250559,7403292,5196912,10256963,1989603,9487672,25135270,1597137,63625,805948,1496703,5437,5329,119606,7189279,51960813,170147101,2462876,7576740,5349846,3578800
1957,8210201,1549571,10703251,19937,7330,52245,19363786,1714534,49747,9644191,6965319,3758021,100005,143897,229458,8109539,8931969,84451,2413053,40198,481225,66660892,7590,7672059,4591019,2593840,16650052,8275,1596022,2860901,7641931,630003025,14329355,184065,1207056,4119357,6833757,121196,552883,14252673,4491051,54316,2983695,4248157,254060,930920,1190792,20499416,32739,365288,4324579,44338091,78983,497905,368414,71771634,21712,8313971,28307,86774,68305,3764479,3342372,517277,3683628,2728466,9837655,164732,19805912,6683798,2854323,50969,1688678,48660253,1586411,91837665,709849,8405659,223274,2077356,1649151,1060604,1295601,15508,2762994,308843,189199,4698038,3381111,7178108,85417,5144686,5144686,332598,14329,626896,33239529,21063,453959,6492820,562452,4112,9633243,11046130,73665,2235321,3202649,10802103,1411818,8003,3492505,508853,8791,1034739,1765319,9336910,28076084,8748069,2329614,30880,17884928,114590996,2706054,103087,14568,3802027,3008862,6445391,40943,2197811,1400696,1554148,2662084,15320138,23494049,2790015,29577444,242316,7358120,5130575,9909453,1924945,9224220,24462194,1570541,61818,784574,1448678,5348,5289,113430,6985793,51682399,166949120,2429787,7294502,5260779,3470494
1956,8087727,1500624,10473168,19902,6705,51250,19031192,1657515,48094,9429810,6951739,3649871,96004,139171,228615,8037362,8881501,82196,2385282,39630,471466,64644887,7546,7596096,4530885,2544258,16167047,8204,1570453,2807901,7480649,616283022,13911407,180863,1164562,4085640,6695376,117833,543250,13939099,4459559,52951,2885526,4133240,249890,912409,1179950,20127942,32338,354110,4282280,43959221,76838,493528,358748,71473269,21641,8234417,27210,84591,67106,3660606,3287535,499837,3613972,2606293,9854129,161059,19332414,6552801,2869649,51645,1625669,48403438,1570048,91021560,665071,8124175,204028,2054640,1601855,1036701,1259031,15206,2729749,307259,192720,4580881,3308682,6977024,83559,5079258,5079258,328721,14200,611531,32325944,20688,447680,6404163,554699,3963,9458896,10905345,71602,2186348,3109788,10552182,1395504,7813,3461602,500443,8516,1006764,1724937,9077048,27582025,8707083,2320567,29712,17668031,112783329,2620713,100301,14236,3690028,2926572,6400665,40331,2166117,1332581,1538081,2595391,14948934,22763457,2742974,29329776,234523,7312105,5065953,9567049,1863791,8970007,23805336,1544388,59944,763630,1404216,5244,5247,107563,6790145,51421613,164063411,2397436,7020074,5175088,3365477
1955,7971931,1453730,10242288,19826,6116,50264,18700686,1604376,46464,9209844,6946260,3550017,92444,134865,227320,7976356,8834526,79986,2360081,39136,461880,62701031,7516,7517922,4472824,2495193,15733923,8129,1545898,2756169,7323194,603320147,13512612,177885,1123982,4049659,6559586,114659,534125,13638427,4426508,51895,2791108,4022378,245800,895009,1168276,19703738,32127,343693,4235413,43593851,74475,489459,349374,71222628,21541,8146022,26295,82656,65977,3560239,3234056,483316,3545999,2490487,9823331,157735,18873864,6405686,2886368,52283,1564960,48130728,1552883,90090281,622010,7858733,183458,2032505,1556327,1013790,1225687,14945,2699051,305514,195757,4467590,3240318,6786077,81823,5014680,5014680,323596,14062,596866,31452141,20430,441379,6318904,547430,3818,9284895,10767906,69989,2140976,3018555,10360269,1379140,7635,3429090,492416,8252,980004,1685747,8825897,27099199,8665451,2309782,28668,17455291,110971852,2537919,98037,13967,3581910,2847262,6348547,39788,2135644,1267611,1521772,2529910,14594129,22075008,2695349,29095374,227145,7264351,5002410,9229462,1805209,8725576,23173970,1518825,58024,742576,1363507,5127,5195,101803,6601785,51193266,161136449,2366209,6752139,5091603,3263625
1954,7864285,1409005,10011541,19758,5566,49280,18369249,1554921,44869,9003370,6939642,3458184,89352,130895,225309,7927675,8787229,77807,2337371,38708,452263,60827590,7470,7439598,4417092,2446758,15323201,7934,1522317,2705622,7171410,589936004,13130649,174805,1085099,4011865,6426523,111645,525402,13349701,4394320,51214,2700717,3915140,241788,878538,1155800,19292149,32069,334262,4187364,43225643,72240,485694,340240,71020731,21430,8052760,25556,80982,64912,3462952,3181965,467817,3480966,2380472,9704520,154263,18434881,6252041,2902780,52877,1507412,47833768,1533217,89093019,580796,7605944,171095,2010069,1512263,991949,1197845,14712,2669860,303507,198232,4358096,3176123,6605394,80193,4950987,4950987,317760,13916,583040,30616896,20270,434964,6237194,540483,3700,9110777,10631383,68614,2096332,2928430,10206242,1361960,7474,3394890,484741,8008,954303,1647627,8583399,26630354,8619174,2298008,27705,17250994,109221068,2457262,95999,13754,3477534,2771247,6290134,39318,2106618,1206218,1505245,2465552,14255876,21432886,2648678,28862377,220148,7217595,4938947,8897776,1748476,8490322,22569794,1493731,56200,721449,1326518,5029,5135,96136,6419882,50969939,158205873,2336182,6490130,5010564,3164517
1953,7764546,1366744,9771686,19670,5308,48317,18032740,1508559,43305,8819165,6931794,3374174,86739,127186,222730,7893237,8740410,75642,2316684,38297,442483,59025679,7411,7362708,4364030,2399099,14901525,7686,1499680,2656088,7024138,577378682,12767237,171607,1048055,3973455,6296738,108782,517021,13074603,4362483,50810,2614566,3811220,237853,863003,1143305,18891916,32014,325965,4139773,42883297,70138,482183,331377,70879443,21317,7959592,24867,79552,63893,3368486,3131200,453470,3418644,2275010,9594223,150738,18017545,6089258,2917037,53422,1450457,47412139,1509993,88057140,541616,7362289,166439,1988465,1469430,971361,1175861,14476,2641911,301760,199998,4252319,3114930,6435027,78659,4888110,4888110,311417,13747,569936,29822095,20016,427822,6159685,533747,3607,8936482,10497290,67315,2048965,2838983,10147600,1339581,7335,3361500,477401,7798,929509,1610541,8349466,26168161,8573397,2284810,26798,17041122,107493129,2378936,93972,13537,3377019,2698414,6222775,38918,2079381,1148751,1488604,2402348,13933246,20862396,2604566,28633539,213482,7169975,4875717,8572131,1692876,8263710,21994681,1468982,54474,701361,1293173,4989,5063,90559,6243883,50728620,155451199,2307491,6233183,4931833,3067899
1952,7667533,1326948,9521702,19561,5454,47359,17693853,1465061,41758,8632792,6927015,3296850,84589,123685,219469,7875527,8695582,73461,2297832,37910,432592,57283338,7370,7293468,4312573,2351535,14485745,7454,1477900,2607678,6882966,564954522,12419968,168297,1012947,3935773,6170590,106063,508971,12807615,4330757,50544,2532758,3710588,233980,848449,1130244,18496797,31944,318772,4090778,42542401,68169,478897,322827,70808373,21206,7863877,24229,78365,62893,3276113,3081454,440356,3358719,2173597,9503834,147749,17614454,5930350,2929379,53938,1393191,47016485,1482284,86921764,504576,7124072,161988,1967171,1428095,951883,1157703,14238,2615037,300055,200829,4149956,3056297,6273219,77211,4824822,4824822,304707,13540,555889,29061666,19663,418813,6082380,527153,3512,8759894,10361805,66090,1998948,2749567,10228066,1311488,7214,3328325,470396,7638,905583,1574419,8121459,25704541,8523684,2269211,25934,16828585,105790045,2302453,91942,13345,3279345,2628508,6147418,38581,2053036,1096232,1472894,2339499,13622914,20393370,2563626,28404771,207111,7119452,4811622,8251039,1637708,8045274,21443932,1444757,52837,682801,1263426,5014,4966,85091,6073833,50484813,152941727,2280660,5980378,4855822,2973713
1951,7571537,1289168,9271734,19425,5827,46398,17354612,1424000,40231,8419830,6930431,3225280,82895,120354,215430,7879085,8655405,71220,2280678,37541,422885,55591058,7364,7228734,4261979,2303248,14085724,7106,1456939,2560171,6748673,553613988,12087058,165143,979749,3900322,6047907,103459,501274,12545791,4299579,50362,2455305,3613175,230172,834934,1116336,18101144,31849,312840,4047489,42196657,66350,475827,314613,70820042,21088,7766344,23601,77429,61923,3185854,3032444,428399,3301802,2075503,9423044,145394,17219627,5783972,2924705,54431,1337630,46750760,1448396,85683474,469962,6887970,157764,1944994,1388215,933334,1142852,14005,2589204,298212,200511,4050682,3001113,6118736,75816,4760160,4760160,298188,13316,540608,28328015,19901,409627,6002280,520828,3408,8579831,10226295,64941,1952124,2659698,10557969,1282525,7127,3296340,463719,7529,882710,1539188,7897482,25242274,8472644,2250405,25093,16612734,104151680,2227465,89907,13164,3183582,2561152,6081261,38300,2026722,1048937,1458637,2276334,13325058,20116892,2526073,28207080,201001,7068426,4748093,7934689,1582466,7834799,20914570,1421232,51288,665279,1237242,5046,4859,79763,5909819,50271904,150598453,2256072,5732104,4782787,2881713
1950,7480461,1252582,9019866,19032,6005,45435,17017742,1385041,38797,8177167,6936440,3158966,81644,117149,210548,7906860,8617344,69116,2264452,37142,413481,53955359,7358,7157632,4213757,2254113,13743069,6912,1436591,2512688,6623645,543979233,11769748,161814,948487,3864691,5926645,100067,493956,12295745,4267694,50188,2381740,3518733,226381,822576,1102078,17709951,31655,308308,4008289,41842355,64535,472905,306781,70964095,21402,7669099,23119,77020,60991,3099869,2983557,417719,3247231,1980524,9337714,142650,16832834,5656471,2906599,54813,1284157,46391938,1407470,84353049,438386,6655675,153738,1922525,1349588,915894,1130677,13765,2564798,296584,196838,3953896,2949739,5972876,74484,4694916,4694916,291873,13066,525443,27600133,19729,402260,5920215,514774,3354,8398945,10093554,63860,1911608,2569191,11103379,1251433,7063,3281416,457317,7430,861079,1504810,7678967,24786236,8416952,2229742,24288,16392971,102580107,2154218,87951,12963,3089693,2496065,6017683,38106,2000790,1006701,1445033,2213052,13043844,20104010,2492077,28069694,195765,7014610,4692639,7623130,1526140,7632399,20411638,1398525,49830,648616,1214096,5036,4732,74591,5750637,50055065,148281550,2234144,5488614,4712810,2791326